Item,Item ID,Day,Quantity,Order Number
cleaner,3,12-31-2017,37,669
plastic bags,4,12-31-2017,1073,669
blank badges,10,12-31-2017,990,669
meat trays,12,12-31-2017,3090,669
meat trays,12,01-01-2018,2672,670
toilet paper,1,01-01-2018,167,670
toilet paper,1,01-02-2018,144,671
box cutters,6,01-03-2018,320,672
office chair,7,01-03-2018,16,672
pens,8,01-03-2018,448,672
printer paper,9,01-03-2018,56,672
produce bags,13,01-03-2018,200,672
water bottles,16,01-03-2018,768,672
box cutters,6,01-03-2018,370,672
pens,8,01-03-2018,518,672
water bottles,16,01-03-2018,888,672
cleaner,3,01-04-2018,32,673
scanner batt,11,01-04-2018,72,673
paper towel,2,01-04-2018,195,673
light bulbs,5,01-04-2018,148,673
scanner batt,11,01-04-2018,84,673
produce bags,13,01-04-2018,232,673
soap,14,01-04-2018,139,673
keyboards,17,01-04-2018,47,673
plastic wrap,19,01-04-2018,195,673
printer paper,9,01-05-2018,65,674
wrenches,15,01-05-2018,19,674
paper towel,2,01-06-2018,168,675
plastic bags,4,01-06-2018,929,675
light bulbs,5,01-06-2018,128,675
blank badges,10,01-06-2018,856,675
soap,14,01-06-2018,120,675
keyboards,17,01-06-2018,40,675
photo paper,18,01-06-2018,5992,675
plastic wrap,19,01-06-2018,168,675
plastic bags,4,01-07-2018,1073,676
office chair,7,01-07-2018,19,676
blank badges,10,01-07-2018,990,676
meat trays,12,01-07-2018,3090,676
photo paper,18,01-07-2018,6929,676
meat trays,12,01-08-2018,2547,677
wrenches,15,01-08-2018,16,677
toilet paper,1,01-08-2018,159,677
cleaner,3,01-08-2018,36,677
toilet paper,1,01-09-2018,138,678
box cutters,6,01-09-2018,305,678
pens,8,01-09-2018,427,678
produce bags,13,01-09-2018,191,678
water bottles,16,01-09-2018,732,678
printer paper,9,01-10-2018,50,679
box cutters,6,01-10-2018,327,679
pens,8,01-10-2018,458,679
water bottles,16,01-10-2018,784,679
paper towel,2,01-11-2018,172,680
light bulbs,5,01-11-2018,131,680
soap,14,01-11-2018,123,680
keyboards,17,01-11-2018,41,680
plastic wrap,19,01-11-2018,172,680
cleaner,3,01-12-2018,29,681
office chair,7,01-12-2018,15,681
scanner batt,11,01-12-2018,65,681
printer paper,9,01-12-2018,55,681
scanner batt,11,01-12-2018,71,681
produce bags,13,01-12-2018,196,681
paper towel,2,01-13-2018,150,682
light bulbs,5,01-13-2018,114,682
blank badges,10,01-13-2018,763,682
soap,14,01-13-2018,107,682
keyboards,17,01-13-2018,36,682
photo paper,18,01-13-2018,5337,682
plastic wrap,19,01-13-2018,150,682
wrenches,15,01-13-2018,16,682
plastic bags,4,01-14-2018,827,683
meat trays,12,01-14-2018,2380,683
photo paper,18,01-14-2018,5743,683
toilet paper,1,01-15-2018,129,684
toilet paper,1,01-15-2018,134,684
cleaner,3,01-15-2018,30,684
plastic bags,4,01-15-2018,861,684
office chair,7,01-15-2018,15,684
blank badges,10,01-15-2018,794,684
meat trays,12,01-15-2018,2478,684
box cutters,6,01-16-2018,265,685
pens,8,01-16-2018,371,685
printer paper,9,01-16-2018,47,685
produce bags,13,01-16-2018,166,685
wrenches,15,01-16-2018,14,685
water bottles,16,01-16-2018,636,685
cleaner,3,01-17-2018,27,686
scanner batt,11,01-17-2018,60,686
paper towel,2,01-18-2018,140,687
light bulbs,5,01-18-2018,106,687
office chair,7,01-18-2018,14,687
blank badges,10,01-18-2018,709,687
soap,14,01-18-2018,100,687
keyboards,17,01-18-2018,34,687
photo paper,18,01-18-2018,4963,687
plastic wrap,19,01-18-2018,140,687
box cutters,6,01-18-2018,274,687
pens,8,01-18-2018,383,687
water bottles,16,01-18-2018,656,687
plastic bags,4,01-19-2018,769,688
meat trays,12,01-19-2018,2213,688
paper towel,2,01-20-2018,144,689
light bulbs,5,01-20-2018,110,689
scanner batt,11,01-20-2018,62,689
produce bags,13,01-20-2018,171,689
soap,14,01-20-2018,103,689
keyboards,17,01-20-2018,35,689
plastic wrap,19,01-20-2018,144,689
toilet paper,1,01-21-2018,126,690
box cutters,6,01-21-2018,280,690
pens,8,01-21-2018,392,690
produce bags,13,01-21-2018,175,690
water bottles,16,01-21-2018,672,690
printer paper,9,01-21-2018,48,690
printer paper,9,01-22-2018,49,691
wrenches,15,01-22-2018,14,691
plastic bags,4,01-22-2018,793,691
photo paper,18,01-22-2018,5119,691
light bulbs,5,01-23-2018,112,692
scanner batt,11,01-23-2018,63,692
toilet paper,1,01-23-2018,117,692
blank badges,10,01-23-2018,696,692
meat trays,12,01-23-2018,2171,692
wrenches,15,01-23-2018,13,692
paper towel,2,01-24-2018,147,693
cleaner,3,01-24-2018,28,693
plastic bags,4,01-24-2018,812,693
office chair,7,01-24-2018,14,693
blank badges,10,01-24-2018,749,693
meat trays,12,01-24-2018,2338,693
soap,14,01-24-2018,105,693
keyboards,17,01-24-2018,35,693
photo paper,18,01-24-2018,5243,693
plastic wrap,19,01-24-2018,147,693
cleaner,3,01-24-2018,26,693
box cutters,6,01-24-2018,260,693
office chair,7,01-24-2018,13,693
pens,8,01-24-2018,364,693
water bottles,16,01-24-2018,624,693
paper towel,2,01-25-2018,137,694
light bulbs,5,01-25-2018,104,694
scanner batt,11,01-25-2018,59,694
produce bags,13,01-25-2018,163,694
soap,14,01-25-2018,98,694
keyboards,17,01-25-2018,33,694
plastic wrap,19,01-25-2018,137,694
toilet paper,1,01-26-2018,126,695
box cutters,6,01-26-2018,280,695
pens,8,01-26-2018,392,695
produce bags,13,01-26-2018,175,695
water bottles,16,01-26-2018,672,695
printer paper,9,01-26-2018,46,695
plastic bags,4,01-27-2018,754,696
blank badges,10,01-27-2018,696,696
meat trays,12,01-27-2018,2171,696
photo paper,18,01-27-2018,4869,696
printer paper,9,01-28-2018,49,697
wrenches,15,01-28-2018,14,697
light bulbs,5,01-29-2018,112,698
scanner batt,11,01-29-2018,63,698
plastic wrap,19,01-29-2018,147,698
toilet paper,1,01-29-2018,117,698
cleaner,3,01-29-2018,26,698
box cutters,6,01-29-2018,260,698
wrenches,15,01-29-2018,13,698
water bottles,16,01-29-2018,624,698
paper towel,2,01-30-2018,147,699
cleaner,3,01-30-2018,28,699
plastic bags,4,01-30-2018,812,699
blank badges,10,01-30-2018,749,699
meat trays,12,01-30-2018,2338,699
soap,14,01-30-2018,105,699
keyboards,17,01-30-2018,35,699
photo paper,18,01-30-2018,5243,699
office chair,7,01-30-2018,13,699
pens,8,01-30-2018,364,699
office chair,7,01-31-2018,14,700
paper towel,2,01-31-2018,137,700
light bulbs,5,01-31-2018,104,700
scanner batt,11,01-31-2018,59,700
produce bags,13,01-31-2018,163,700
soap,14,01-31-2018,98,700
keyboards,17,01-31-2018,33,700
plastic wrap,19,01-31-2018,137,700
toilet paper,1,02-01-2018,126,701
box cutters,6,02-01-2018,280,701
pens,8,02-01-2018,392,701
produce bags,13,02-01-2018,175,701
water bottles,16,02-01-2018,672,701
plastic bags,4,02-01-2018,754,701
printer paper,9,02-01-2018,46,701
blank badges,10,02-01-2018,696,701
meat trays,12,02-01-2018,2171,701
photo paper,18,02-01-2018,4869,701
printer paper,9,02-02-2018,49,702
toilet paper,1,02-02-2018,117,702
light bulbs,5,02-03-2018,112,703
scanner batt,11,02-03-2018,63,703
wrenches,15,02-03-2018,14,703
photo paper,18,02-03-2018,5243,703
plastic wrap,19,02-03-2018,147,703
cleaner,3,02-03-2018,26,703
box cutters,6,02-03-2018,260,703
pens,8,02-03-2018,364,703
wrenches,15,02-03-2018,13,703
water bottles,16,02-03-2018,624,703
paper towel,2,02-04-2018,147,704
cleaner,3,02-04-2018,28,704
plastic bags,4,02-04-2018,812,704
blank badges,10,02-04-2018,749,704
meat trays,12,02-04-2018,2338,704
soap,14,02-04-2018,105,704
light bulbs,5,02-04-2018,104,704
produce bags,13,02-04-2018,163,704
keyboards,17,02-05-2018,35,705
paper towel,2,02-05-2018,142,705
office chair,7,02-05-2018,14,705
soap,14,02-05-2018,102,705
plastic wrap,19,02-05-2018,142,705
office chair,7,02-06-2018,14,706
printer paper,9,02-06-2018,49,706
scanner batt,11,02-06-2018,63,706
keyboards,17,02-06-2018,35,706
toilet paper,1,02-07-2018,126,707
box cutters,6,02-07-2018,280,707
pens,8,02-07-2018,392,707
produce bags,13,02-07-2018,175,707
water bottles,16,02-07-2018,672,707
plastic bags,4,02-07-2018,812,707
blank badges,10,02-07-2018,749,707
meat trays,12,02-07-2018,2338,707
photo paper,18,02-07-2018,5243,707
printer paper,9,02-08-2018,49,708
toilet paper,1,02-08-2018,126,708
box cutters,6,02-08-2018,280,708
water bottles,16,02-08-2018,672,708
paper towel,2,02-09-2018,147,709
plastic bags,4,02-09-2018,812,709
light bulbs,5,02-09-2018,112,709
blank badges,10,02-09-2018,749,709
scanner batt,11,02-09-2018,63,709
soap,14,02-09-2018,105,709
wrenches,15,02-09-2018,14,709
photo paper,18,02-09-2018,5243,709
plastic wrap,19,02-09-2018,147,709
cleaner,3,02-09-2018,28,709
pens,8,02-09-2018,392,709
produce bags,13,02-09-2018,175,709
wrenches,15,02-09-2018,14,709
cleaner,3,02-10-2018,28,710
meat trays,12,02-10-2018,2338,710
keyboards,17,02-10-2018,35,710
paper towel,2,02-10-2018,147,710
light bulbs,5,02-10-2018,112,710
office chair,7,02-10-2018,14,710
soap,14,02-10-2018,105,710
plastic wrap,19,02-10-2018,147,710
scanner batt,11,02-11-2018,63,711
keyboards,17,02-11-2018,35,711
toilet paper,1,02-12-2018,126,712
box cutters,6,02-12-2018,280,712
office chair,7,02-12-2018,14,712
pens,8,02-12-2018,392,712
produce bags,13,02-12-2018,175,712
water bottles,16,02-12-2018,672,712
plastic bags,4,02-12-2018,812,712
printer paper,9,02-12-2018,49,712
blank badges,10,02-12-2018,749,712
meat trays,12,02-12-2018,2338,712
photo paper,18,02-12-2018,5243,712
toilet paper,1,02-13-2018,126,713
printer paper,9,02-14-2018,49,714
box cutters,6,02-14-2018,280,714
pens,8,02-14-2018,392,714
water bottles,16,02-14-2018,672,714
paper towel,2,02-15-2018,158,715
cleaner,3,02-15-2018,30,715
plastic bags,4,02-15-2018,870,715
light bulbs,5,02-15-2018,120,715
blank badges,10,02-15-2018,803,715
scanner batt,11,02-15-2018,68,715
meat trays,12,02-15-2018,2505,715
soap,14,02-15-2018,113,715
wrenches,15,02-15-2018,15,715
keyboards,17,02-15-2018,38,715
photo paper,18,02-15-2018,5618,715
plastic wrap,19,02-15-2018,158,715
paper towel,2,02-15-2018,154,715
cleaner,3,02-15-2018,30,715
light bulbs,5,02-15-2018,118,715
produce bags,13,02-15-2018,184,715
soap,14,02-15-2018,110,715
wrenches,15,02-15-2018,15,715
plastic wrap,19,02-15-2018,154,715
toilet paper,1,02-16-2018,135,716
box cutters,6,02-16-2018,300,716
produce bags,13,02-16-2018,188,716
water bottles,16,02-16-2018,720,716
office chair,7,02-16-2018,15,716
printer paper,9,02-16-2018,52,716
scanner batt,11,02-16-2018,66,716
keyboards,17,02-16-2018,37,716
photo paper,18,02-16-2018,5493,716
office chair,7,02-17-2018,15,717
pens,8,02-17-2018,420,717
plastic bags,4,02-17-2018,851,717
blank badges,10,02-17-2018,785,717
meat trays,12,02-17-2018,2450,717
printer paper,9,02-18-2018,53,718
toilet paper,1,02-18-2018,132,718
box cutters,6,02-18-2018,294,718
pens,8,02-18-2018,411,718
water bottles,16,02-18-2018,704,718
light bulbs,5,02-19-2018,120,719
blank badges,10,02-19-2018,803,719
scanner batt,11,02-19-2018,68,719
photo paper,18,02-19-2018,5618,719
plastic wrap,19,02-19-2018,158,719
produce bags,13,02-19-2018,184,719
paper towel,2,02-20-2018,158,720
plastic bags,4,02-20-2018,870,720
soap,14,02-20-2018,113,720
cleaner,3,02-20-2018,30,720
cleaner,3,02-21-2018,30,721
meat trays,12,02-21-2018,2505,721
keyboards,17,02-21-2018,38,721
paper towel,2,02-21-2018,154,721
light bulbs,5,02-21-2018,118,721
soap,14,02-21-2018,110,721
plastic wrap,19,02-21-2018,154,721
wrenches,15,02-22-2018,15,722
water bottles,16,02-22-2018,720,722
scanner batt,11,02-22-2018,66,722
wrenches,15,02-22-2018,15,722
keyboards,17,02-22-2018,37,722
photo paper,18,02-22-2018,5493,722
toilet paper,1,02-23-2018,135,723
box cutters,6,02-23-2018,300,723
pens,8,02-23-2018,420,723
produce bags,13,02-23-2018,188,723
plastic bags,4,02-23-2018,851,723
office chair,7,02-23-2018,15,723
printer paper,9,02-23-2018,52,723
blank badges,10,02-23-2018,785,723
meat trays,12,02-23-2018,2450,723
office chair,7,02-24-2018,15,724
toilet paper,1,02-24-2018,132,724
box cutters,6,02-24-2018,294,724
pens,8,02-24-2018,411,724
water bottles,16,02-24-2018,704,724
light bulbs,5,02-25-2018,120,725
printer paper,9,02-25-2018,53,725
blank badges,10,02-25-2018,803,725
scanner batt,11,02-25-2018,68,725
photo paper,18,02-25-2018,5618,725
plastic wrap,19,02-25-2018,158,725
produce bags,13,02-25-2018,184,725
paper towel,2,02-26-2018,158,726
plastic bags,4,02-26-2018,870,726
meat trays,12,02-26-2018,2505,726
soap,14,02-26-2018,113,726
paper towel,2,02-26-2018,154,726
cleaner,3,02-26-2018,30,726
light bulbs,5,02-26-2018,118,726
soap,14,02-26-2018,110,726
plastic wrap,19,02-26-2018,154,726
cleaner,3,02-27-2018,30,727
keyboards,17,02-27-2018,38,727
scanner batt,11,02-27-2018,66,727
keyboards,17,02-27-2018,37,727
photo paper,18,02-27-2018,5493,727
toilet paper,1,02-28-2018,135,728
box cutters,6,02-28-2018,300,728
pens,8,02-28-2018,420,728
produce bags,13,02-28-2018,188,728
wrenches,15,02-28-2018,15,728
water bottles,16,02-28-2018,720,728
plastic bags,4,02-28-2018,851,728
blank badges,10,02-28-2018,785,728
meat trays,12,02-28-2018,2450,728
wrenches,15,02-28-2018,15,728
office chair,7,03-01-2018,15,729
printer paper,9,03-01-2018,52,729
toilet paper,1,03-02-2018,132,730
box cutters,6,03-02-2018,294,730
pens,8,03-02-2018,411,730
water bottles,16,03-02-2018,704,730
office chair,7,03-03-2018,14,731
printer paper,9,03-03-2018,49,731
photo paper,18,03-03-2018,5243,731
paper towel,2,03-04-2018,147,732
plastic bags,4,03-04-2018,812,732
light bulbs,5,03-04-2018,112,732
blank badges,10,03-04-2018,749,732
scanner batt,11,03-04-2018,63,732
soap,14,03-04-2018,105,732
plastic wrap,19,03-04-2018,147,732
paper towel,2,03-04-2018,154,732
produce bags,13,03-04-2018,184,732
soap,14,03-04-2018,110,732
plastic wrap,19,03-04-2018,154,732
meat trays,12,03-05-2018,2338,733
keyboards,17,03-05-2018,35,733
cleaner,3,03-05-2018,30,733
light bulbs,5,03-05-2018,118,733
scanner batt,11,03-05-2018,66,733
keyboards,17,03-05-2018,37,733
photo paper,18,03-05-2018,5493,733
toilet paper,1,03-06-2018,126,734
cleaner,3,03-06-2018,28,734
box cutters,6,03-06-2018,280,734
pens,8,03-06-2018,392,734
produce bags,13,03-06-2018,175,734
wrenches,15,03-06-2018,14,734
water bottles,16,03-06-2018,672,734
plastic bags,4,03-06-2018,851,734
printer paper,9,03-06-2018,52,734
blank badges,10,03-06-2018,785,734
meat trays,12,03-06-2018,2450,734
wrenches,15,03-06-2018,15,734
toilet paper,1,03-07-2018,132,735
box cutters,6,03-07-2018,294,735
office chair,7,03-07-2018,15,735
pens,8,03-07-2018,411,735
water bottles,16,03-07-2018,704,735
plastic bags,4,03-09-2018,812,736
light bulbs,5,03-09-2018,112,736
office chair,7,03-09-2018,14,736
printer paper,9,03-09-2018,49,736
blank badges,10,03-09-2018,749,736
scanner batt,11,03-09-2018,63,736
photo paper,18,03-09-2018,5243,736
plastic wrap,19,03-09-2018,147,736
produce bags,13,03-09-2018,175,736
paper towel,2,03-10-2018,147,737
meat trays,12,03-10-2018,2338,737
soap,14,03-10-2018,105,737
keyboards,17,03-11-2018,35,738
paper towel,2,03-11-2018,147,738
cleaner,3,03-11-2018,28,738
light bulbs,5,03-11-2018,112,738
scanner batt,11,03-11-2018,63,738
soap,14,03-11-2018,105,738
photo paper,18,03-11-2018,5243,738
plastic wrap,19,03-11-2018,147,738
toilet paper,1,03-12-2018,126,739
cleaner,3,03-12-2018,28,739
box cutters,6,03-12-2018,280,739
pens,8,03-12-2018,392,739
produce bags,13,03-12-2018,175,739
water bottles,16,03-12-2018,672,739
plastic bags,4,03-12-2018,812,739
blank badges,10,03-12-2018,749,739
meat trays,12,03-12-2018,2338,739
keyboards,17,03-12-2018,35,739
wrenches,15,03-13-2018,14,740
toilet paper,1,03-13-2018,126,740
box cutters,6,03-13-2018,280,740
pens,8,03-13-2018,392,740
printer paper,9,03-13-2018,49,740
wrenches,15,03-13-2018,14,740
water bottles,16,03-13-2018,672,740
plastic bags,4,03-14-2018,812,741
light bulbs,5,03-14-2018,112,741
office chair,7,03-14-2018,14,741
printer paper,9,03-14-2018,49,741
blank badges,10,03-14-2018,749,741
scanner batt,11,03-14-2018,63,741
soap,14,03-14-2018,105,741
photo paper,18,03-14-2018,5243,741
plastic wrap,19,03-14-2018,147,741
office chair,7,03-14-2018,14,741
produce bags,13,03-14-2018,175,741
paper towel,2,03-15-2018,147,742
meat trays,12,03-15-2018,2338,742
paper towel,2,03-15-2018,147,742
soap,14,03-15-2018,105,742
plastic wrap,19,03-15-2018,147,742
light bulbs,5,03-16-2018,112,743
box cutters,6,03-17-2018,280,744
pens,8,03-17-2018,392,744
produce bags,13,03-17-2018,175,744
water bottles,16,03-17-2018,672,744
keyboards,17,03-17-2018,35,744
cleaner,3,03-17-2018,28,744
plastic bags,4,03-17-2018,812,744
blank badges,10,03-17-2018,749,744
scanner batt,11,03-17-2018,63,744
meat trays,12,03-17-2018,2338,744
photo paper,18,03-17-2018,5243,744
toilet paper,1,03-18-2018,135,745
cleaner,3,03-18-2018,30,745
toilet paper,1,03-18-2018,132,745
box cutters,6,03-18-2018,294,745
printer paper,9,03-18-2018,52,745
water bottles,16,03-18-2018,704,745
keyboards,17,03-18-2018,37,745
plastic bags,4,03-19-2018,870,746
light bulbs,5,03-19-2018,120,746
printer paper,9,03-19-2018,53,746
blank badges,10,03-19-2018,803,746
wrenches,15,03-19-2018,15,746
photo paper,18,03-19-2018,5618,746
plastic wrap,19,03-19-2018,158,746
pens,8,03-19-2018,411,746
produce bags,13,03-19-2018,184,746
wrenches,15,03-19-2018,15,746
paper towel,2,03-20-2018,158,747
office chair,7,03-20-2018,15,747
scanner batt,11,03-20-2018,68,747
meat trays,12,03-20-2018,2505,747
soap,14,03-20-2018,113,747
paper towel,2,03-20-2018,154,747
light bulbs,5,03-20-2018,118,747
office chair,7,03-20-2018,15,747
soap,14,03-20-2018,110,747
plastic wrap,19,03-20-2018,154,747
box cutters,6,03-21-2018,300,748
pens,8,03-21-2018,420,748
water bottles,16,03-21-2018,720,748
keyboards,17,03-21-2018,38,748
cleaner,3,03-21-2018,30,748
plastic bags,4,03-21-2018,851,748
blank badges,10,03-21-2018,785,748
scanner batt,11,03-21-2018,66,748
meat trays,12,03-21-2018,2450,748
photo paper,18,03-21-2018,5493,748
toilet paper,1,03-22-2018,135,749
cleaner,3,03-22-2018,30,749
produce bags,13,03-22-2018,188,749
keyboards,17,03-22-2018,37,749
toilet paper,1,03-23-2018,132,750
box cutters,6,03-23-2018,294,750
pens,8,03-23-2018,411,750
printer paper,9,03-23-2018,52,750
water bottles,16,03-23-2018,704,750
photo paper,18,03-24-2018,5618,751
plastic bags,4,03-25-2018,870,752
light bulbs,5,03-25-2018,120,752
printer paper,9,03-25-2018,53,752
blank badges,10,03-25-2018,803,752
wrenches,15,03-25-2018,15,752
plastic wrap,19,03-25-2018,158,752
produce bags,13,03-25-2018,184,752
wrenches,15,03-25-2018,15,752
paper towel,2,03-26-2018,158,753
scanner batt,11,03-26-2018,68,753
meat trays,12,03-26-2018,2505,753
soap,14,03-26-2018,113,753
paper towel,2,03-26-2018,154,753
office chair,7,03-26-2018,15,753
soap,14,03-26-2018,110,753
plastic wrap,19,03-26-2018,154,753
office chair,7,03-27-2018,15,754
water bottles,16,03-27-2018,720,754
light bulbs,5,03-27-2018,118,754
meat trays,12,03-27-2018,2450,754
photo paper,18,03-27-2018,5493,754
toilet paper,1,03-28-2018,135,755
box cutters,6,03-28-2018,300,755
pens,8,03-28-2018,420,755
produce bags,13,03-28-2018,188,755
keyboards,17,03-28-2018,38,755
cleaner,3,03-28-2018,30,755
plastic bags,4,03-28-2018,851,755
blank badges,10,03-28-2018,785,755
scanner batt,11,03-28-2018,66,755
keyboards,17,03-28-2018,37,755
cleaner,3,03-29-2018,30,756
toilet paper,1,03-29-2018,132,756
box cutters,6,03-29-2018,294,756
pens,8,03-29-2018,411,756
water bottles,16,03-29-2018,704,756
plastic bags,4,03-30-2018,870,757
light bulbs,5,03-30-2018,120,757
blank badges,10,03-30-2018,803,757
photo paper,18,03-30-2018,5618,757
printer paper,9,03-30-2018,52,757
produce bags,13,03-30-2018,184,757
paper towel,2,03-31-2018,158,758
printer paper,9,03-31-2018,53,758
scanner batt,11,03-31-2018,68,758
meat trays,12,03-31-2018,2505,758
soap,14,03-31-2018,113,758
wrenches,15,03-31-2018,15,758
plastic wrap,19,03-31-2018,158,758
wrenches,15,03-31-2018,15,758
paper towel,2,04-01-2018,154,759
light bulbs,5,04-01-2018,118,759
soap,14,04-01-2018,110,759
plastic wrap,19,04-01-2018,154,759
box cutters,6,04-02-2018,280,760
office chair,7,04-02-2018,14,760
water bottles,16,04-02-2018,672,760
plastic bags,4,04-02-2018,851,760
office chair,7,04-02-2018,15,760
blank badges,10,04-02-2018,785,760
scanner batt,11,04-02-2018,66,760
meat trays,12,04-02-2018,2450,760
photo paper,18,04-02-2018,5493,760
pens,8,04-03-2018,392,761
produce bags,13,04-03-2018,175,761
keyboards,17,04-03-2018,35,761
cleaner,3,04-03-2018,30,761
toilet paper,1,04-04-2018,126,762
toilet paper,1,04-04-2018,132,762
box cutters,6,04-04-2018,294,762
pens,8,04-04-2018,411,762
water bottles,16,04-04-2018,704,762
keyboards,17,04-04-2018,37,762
cleaner,3,04-05-2018,28,763
photo paper,18,04-05-2018,5243,763
printer paper,9,04-05-2018,52,763
paper towel,2,04-06-2018,147,764
plastic bags,4,04-06-2018,812,764
light bulbs,5,04-06-2018,112,764
blank badges,10,04-06-2018,749,764
meat trays,12,04-06-2018,2338,764
soap,14,04-06-2018,105,764
plastic wrap,19,04-06-2018,147,764
produce bags,13,04-06-2018,184,764
soap,14,04-06-2018,110,764
box cutters,6,04-07-2018,280,765
pens,8,04-07-2018,392,765
printer paper,9,04-07-2018,49,765
scanner batt,11,04-07-2018,63,765
wrenches,15,04-07-2018,14,765
water bottles,16,04-07-2018,672,765
paper towel,2,04-07-2018,154,765
plastic bags,4,04-07-2018,851,765
light bulbs,5,04-07-2018,118,765
blank badges,10,04-07-2018,785,765
meat trays,12,04-07-2018,2450,765
wrenches,15,04-07-2018,15,765
photo paper,18,04-07-2018,5493,765
plastic wrap,19,04-07-2018,154,765
toilet paper,1,04-08-2018,126,766
office chair,7,04-08-2018,14,766
produce bags,13,04-08-2018,175,766
keyboards,17,04-08-2018,35,766
office chair,7,04-08-2018,14,766
scanner batt,11,04-08-2018,63,766
cleaner,3,04-09-2018,28,767
keyboards,17,04-09-2018,35,767
cleaner,3,04-10-2018,28,768
toilet paper,1,04-10-2018,126,768
box cutters,6,04-10-2018,280,768
pens,8,04-10-2018,392,768
water bottles,16,04-10-2018,672,768
blank badges,10,04-11-2018,749,769
photo paper,18,04-11-2018,5243,769
printer paper,9,04-11-2018,49,769
paper towel,2,04-12-2018,147,770
plastic bags,4,04-12-2018,812,770
light bulbs,5,04-12-2018,112,770
meat trays,12,04-12-2018,2338,770
soap,14,04-12-2018,105,770
plastic wrap,19,04-12-2018,147,770
produce bags,13,04-12-2018,175,770
box cutters,6,04-13-2018,280,771
printer paper,9,04-13-2018,49,771
scanner batt,11,04-13-2018,63,771
wrenches,15,04-13-2018,14,771
water bottles,16,04-13-2018,672,771
paper towel,2,04-13-2018,147,771
light bulbs,5,04-13-2018,112,771
soap,14,04-13-2018,105,771
photo paper,18,04-13-2018,5243,771
plastic wrap,19,04-13-2018,147,771
toilet paper,1,04-14-2018,126,772
office chair,7,04-14-2018,14,772
pens,8,04-14-2018,392,772
produce bags,13,04-14-2018,175,772
keyboards,17,04-14-2018,35,772
plastic bags,4,04-14-2018,812,772
office chair,7,04-14-2018,14,772
blank badges,10,04-14-2018,749,772
scanner batt,11,04-14-2018,63,772
meat trays,12,04-14-2018,2338,772
wrenches,15,04-14-2018,14,772
cleaner,3,04-15-2018,30,773
toilet paper,1,04-15-2018,132,773
cleaner,3,04-15-2018,30,773
box cutters,6,04-15-2018,294,773
pens,8,04-15-2018,411,773
water bottles,16,04-15-2018,704,773
keyboards,17,04-15-2018,37,773
plastic bags,4,04-16-2018,870,774
light bulbs,5,04-16-2018,120,774
blank badges,10,04-16-2018,803,774
meat trays,12,04-16-2018,2505,774
soap,14,04-16-2018,113,774
photo paper,18,04-16-2018,5618,774
plastic wrap,19,04-16-2018,158,774
printer paper,9,04-16-2018,52,774
produce bags,13,04-16-2018,184,774
paper towel,2,04-17-2018,158,775
printer paper,9,04-17-2018,53,775
scanner batt,11,04-17-2018,68,775
paper towel,2,04-17-2018,154,775
soap,14,04-17-2018,110,775
plastic wrap,19,04-17-2018,154,775
box cutters,6,04-18-2018,300,776
pens,8,04-18-2018,420,776
water bottles,16,04-18-2018,720,776
plastic bags,4,04-18-2018,851,776
light bulbs,5,04-18-2018,118,776
meat trays,12,04-18-2018,2450,776
photo paper,18,04-18-2018,5493,776
toilet paper,1,04-19-2018,135,777
produce bags,13,04-19-2018,188,777
wrenches,15,04-19-2018,15,777
blank badges,10,04-19-2018,785,777
scanner batt,11,04-19-2018,66,777
office chair,7,04-20-2018,15,778
keyboards,17,04-20-2018,38,778
office chair,7,04-20-2018,15,778
wrenches,15,04-20-2018,15,778
water bottles,16,04-20-2018,704,778
photo paper,18,04-21-2018,5618,779
toilet paper,1,04-21-2018,132,779
cleaner,3,04-21-2018,30,779
box cutters,6,04-21-2018,294,779
pens,8,04-21-2018,411,779
keyboards,17,04-21-2018,37,779
cleaner,3,04-22-2018,30,780
plastic bags,4,04-22-2018,870,780
light bulbs,5,04-22-2018,120,780
blank badges,10,04-22-2018,803,780
meat trays,12,04-22-2018,2505,780
soap,14,04-22-2018,113,780
plastic wrap,19,04-22-2018,158,780
printer paper,9,04-22-2018,52,780
produce bags,13,04-22-2018,184,780
paper towel,2,04-23-2018,158,781
box cutters,6,04-23-2018,300,781
printer paper,9,04-23-2018,53,781
scanner batt,11,04-23-2018,68,781
water bottles,16,04-23-2018,720,781
paper towel,2,04-23-2018,154,781
light bulbs,5,04-23-2018,118,781
meat trays,12,04-23-2018,2450,781
soap,14,04-23-2018,110,781
photo paper,18,04-23-2018,5493,781
plastic wrap,19,04-23-2018,154,781
pens,8,04-24-2018,420,782
produce bags,13,04-24-2018,188,782
plastic bags,4,04-24-2018,851,782
blank badges,10,04-24-2018,785,782
scanner batt,11,04-24-2018,66,782
toilet paper,1,04-25-2018,135,783
wrenches,15,04-25-2018,15,783
keyboards,17,04-25-2018,38,783
box cutters,6,04-26-2018,294,784
pens,8,04-26-2018,411,784
wrenches,15,04-26-2018,15,784
water bottles,16,04-26-2018,704,784
office chair,7,04-27-2018,15,785
toilet paper,1,04-27-2018,132,785
cleaner,3,04-27-2018,30,785
office chair,7,04-27-2018,15,785
keyboards,17,04-27-2018,37,785
cleaner,3,04-28-2018,30,786
plastic bags,4,04-28-2018,870,786
light bulbs,5,04-28-2018,120,786
blank badges,10,04-28-2018,803,786
photo paper,18,04-28-2018,5618,786
produce bags,13,04-28-2018,184,786
paper towel,2,04-29-2018,147,787
meat trays,12,04-29-2018,2338,787
soap,14,04-29-2018,105,787
plastic wrap,19,04-29-2018,147,787
paper towel,2,04-29-2018,154,787
light bulbs,5,04-29-2018,118,787
printer paper,9,04-29-2018,52,787
soap,14,04-29-2018,110,787
photo paper,18,04-29-2018,5493,787
plastic wrap,19,04-29-2018,154,787
box cutters,6,04-30-2018,280,788
pens,8,04-30-2018,392,788
printer paper,9,04-30-2018,49,788
scanner batt,11,04-30-2018,63,788
produce bags,13,04-30-2018,175,788
water bottles,16,04-30-2018,672,788
plastic bags,4,04-30-2018,851,788
blank badges,10,04-30-2018,785,788
scanner batt,11,04-30-2018,66,788
meat trays,12,04-30-2018,2450,788
toilet paper,1,05-01-2018,126,789
wrenches,15,05-01-2018,14,789
keyboards,17,05-01-2018,35,789
box cutters,6,05-01-2018,294,789
water bottles,16,05-01-2018,704,789
toilet paper,1,05-02-2018,132,790
pens,8,05-02-2018,411,790
wrenches,15,05-02-2018,15,790
keyboards,17,05-02-2018,37,790
office chair,7,05-03-2018,14,791
blank badges,10,05-03-2018,749,791
photo paper,18,05-03-2018,5243,791
cleaner,3,05-03-2018,30,791
office chair,7,05-03-2018,15,791
cleaner,3,05-04-2018,28,792
plastic bags,4,05-04-2018,812,792
light bulbs,5,05-04-2018,112,792
meat trays,12,05-04-2018,2338,792
soap,14,05-04-2018,105,792
plastic wrap,19,05-04-2018,147,792
produce bags,13,05-04-2018,184,792
paper towel,2,05-05-2018,147,793
scanner batt,11,05-05-2018,63,793
water bottles,16,05-05-2018,672,793
paper towel,2,05-05-2018,154,793
printer paper,9,05-05-2018,52,793
soap,14,05-05-2018,110,793
photo paper,18,05-05-2018,5493,793
plastic wrap,19,05-05-2018,154,793
box cutters,6,05-06-2018,280,794
pens,8,05-06-2018,392,794
printer paper,9,05-06-2018,49,794
produce bags,13,05-06-2018,175,794
plastic bags,4,05-06-2018,812,794
light bulbs,5,05-06-2018,112,794
blank badges,10,05-06-2018,749,794
meat trays,12,05-06-2018,2338,794
toilet paper,1,05-07-2018,126,795
keyboards,17,05-07-2018,35,795
scanner batt,11,05-07-2018,63,795
wrenches,15,05-08-2018,14,796
photo paper,18,05-08-2018,5243,796
toilet paper,1,05-08-2018,126,796
box cutters,6,05-08-2018,280,796
pens,8,05-08-2018,392,796
water bottles,16,05-08-2018,672,796
keyboards,17,05-08-2018,35,796
paper towel,2,05-09-2018,147,797
plastic bags,4,05-09-2018,812,797
light bulbs,5,05-09-2018,112,797
office chair,7,05-09-2018,14,797
blank badges,10,05-09-2018,749,797
meat trays,12,05-09-2018,2338,797
soap,14,05-09-2018,105,797
plastic wrap,19,05-09-2018,147,797
cleaner,3,05-09-2018,28,797
office chair,7,05-09-2018,14,797
produce bags,13,05-09-2018,175,797
wrenches,15,05-09-2018,14,797
cleaner,3,05-10-2018,30,798
box cutters,6,05-10-2018,300,798
scanner batt,11,05-10-2018,68,798
water bottles,16,05-10-2018,720,798
paper towel,2,05-10-2018,154,798
light bulbs,5,05-10-2018,118,798
printer paper,9,05-10-2018,52,798
soap,14,05-10-2018,110,798
plastic wrap,19,05-10-2018,154,798
toilet paper,1,05-11-2018,135,799
pens,8,05-11-2018,420,799
printer paper,9,05-11-2018,53,799
produce bags,13,05-11-2018,188,799
plastic bags,4,05-11-2018,851,799
blank badges,10,05-11-2018,785,799
scanner batt,11,05-11-2018,66,799
meat trays,12,05-11-2018,2450,799
photo paper,18,05-11-2018,5493,799
keyboards,17,05-12-2018,38,800
box cutters,6,05-12-2018,294,800
water bottles,16,05-12-2018,704,800
toilet paper,1,05-13-2018,132,801
pens,8,05-13-2018,411,801
plastic bags,4,05-14-2018,870,802
blank badges,10,05-14-2018,803,802
wrenches,15,05-14-2018,15,802
photo paper,18,05-14-2018,5618,802
produce bags,13,05-14-2018,184,802
keyboards,17,05-14-2018,37,802
paper towel,2,05-15-2018,158,803
light bulbs,5,05-15-2018,120,803
office chair,7,05-15-2018,15,803
meat trays,12,05-15-2018,2505,803
soap,14,05-15-2018,113,803
plastic wrap,19,05-15-2018,158,803
cleaner,3,05-15-2018,30,803
office chair,7,05-15-2018,15,803
wrenches,15,05-15-2018,15,803
cleaner,3,05-16-2018,30,804
box cutters,6,05-16-2018,300,804
pens,8,05-16-2018,420,804
scanner batt,11,05-16-2018,68,804
produce bags,13,05-16-2018,188,804
water bottles,16,05-16-2018,720,804
paper towel,2,05-16-2018,154,804
plastic bags,4,05-16-2018,851,804
light bulbs,5,05-16-2018,118,804
printer paper,9,05-16-2018,52,804
blank badges,10,05-16-2018,785,804
meat trays,12,05-16-2018,2450,804
soap,14,05-16-2018,110,804
photo paper,18,05-16-2018,5493,804
plastic wrap,19,05-16-2018,154,804
toilet paper,1,05-17-2018,135,805
printer paper,9,05-17-2018,53,805
scanner batt,11,05-17-2018,66,805
water bottles,16,05-17-2018,704,805
keyboards,17,05-18-2018,38,806
toilet paper,1,05-18-2018,132,806
box cutters,6,05-18-2018,294,806
pens,8,05-18-2018,411,806
blank badges,10,05-19-2018,803,807
photo paper,18,05-19-2018,5618,807
keyboards,17,05-19-2018,37,807
plastic bags,4,05-20-2018,870,808
light bulbs,5,05-20-2018,120,808
meat trays,12,05-20-2018,2505,808
wrenches,15,05-20-2018,15,808
produce bags,13,05-20-2018,184,808
paper towel,2,05-21-2018,158,809
soap,14,05-21-2018,113,809
plastic wrap,19,05-21-2018,158,809
cleaner,3,05-21-2018,30,809
cleaner,3,05-22-2018,30,810
box cutters,6,05-22-2018,300,810
office chair,7,05-22-2018,15,810
pens,8,05-22-2018,420,810
scanner batt,11,05-22-2018,68,810
water bottles,16,05-22-2018,720,810
paper towel,2,05-22-2018,154,810
plastic bags,4,05-22-2018,851,810
light bulbs,5,05-22-2018,118,810
office chair,7,05-22-2018,15,810
printer paper,9,05-22-2018,52,810
blank badges,10,05-22-2018,785,810
meat trays,12,05-22-2018,2450,810
soap,14,05-22-2018,110,810
wrenches,15,05-22-2018,15,810
photo paper,18,05-22-2018,5493,810
plastic wrap,19,05-22-2018,154,810
toilet paper,1,05-23-2018,135,811
printer paper,9,05-23-2018,53,811
produce bags,13,05-23-2018,188,811
scanner batt,11,05-23-2018,66,811
keyboards,17,05-24-2018,35,812
toilet paper,1,05-24-2018,132,812
box cutters,6,05-24-2018,294,812
pens,8,05-24-2018,411,812
water bottles,16,05-24-2018,704,812
plastic bags,4,05-25-2018,812,813
blank badges,10,05-25-2018,749,813
photo paper,18,05-25-2018,5243,813
produce bags,13,05-25-2018,184,813
keyboards,17,05-25-2018,37,813
paper towel,2,05-26-2018,147,814
light bulbs,5,05-26-2018,112,814
meat trays,12,05-26-2018,2338,814
soap,14,05-26-2018,105,814
wrenches,15,05-26-2018,14,814
plastic wrap,19,05-26-2018,147,814
water bottles,16,05-27-2018,672,815
paper towel,2,05-27-2018,154,815
cleaner,3,05-27-2018,30,815
light bulbs,5,05-27-2018,118,815
meat trays,12,05-27-2018,2450,815
soap,14,05-27-2018,110,815
photo paper,18,05-27-2018,5493,815
plastic wrap,19,05-27-2018,154,815
cleaner,3,05-28-2018,28,816
box cutters,6,05-28-2018,280,816
office chair,7,05-28-2018,14,816
pens,8,05-28-2018,392,816
scanner batt,11,05-28-2018,63,816
plastic bags,4,05-28-2018,851,816
printer paper,9,05-28-2018,52,816
blank badges,10,05-28-2018,785,816
wrenches,15,05-28-2018,15,816
produce bags,13,05-29-2018,175,817
office chair,7,05-29-2018,15,817
scanner batt,11,05-29-2018,66,817
toilet paper,1,05-30-2018,126,818
printer paper,9,05-30-2018,49,818
box cutters,6,05-30-2018,294,818
pens,8,05-30-2018,411,818
water bottles,16,05-30-2018,704,818
plastic bags,4,05-31-2018,812,819
blank badges,10,05-31-2018,749,819
keyboards,17,05-31-2018,35,819
photo paper,18,05-31-2018,5243,819
toilet paper,1,05-31-2018,126,819
paper towel,2,06-01-2018,147,820
light bulbs,5,06-01-2018,112,820
meat trays,12,06-01-2018,2338,820
soap,14,06-01-2018,105,820
plastic wrap,19,06-01-2018,147,820
produce bags,13,06-01-2018,175,820
keyboards,17,06-01-2018,35,820
box cutters,6,06-02-2018,280,821
pens,8,06-02-2018,392,821
scanner batt,11,06-02-2018,63,821
produce bags,13,06-02-2018,175,821
wrenches,15,06-02-2018,14,821
water bottles,16,06-02-2018,672,821
paper towel,2,06-02-2018,147,821
cleaner,3,06-02-2018,28,821
plastic bags,4,06-02-2018,812,821
light bulbs,5,06-02-2018,112,821
blank badges,10,06-02-2018,749,821
meat trays,12,06-02-2018,2338,821
soap,14,06-02-2018,105,821
photo paper,18,06-02-2018,5243,821
plastic wrap,19,06-02-2018,147,821
cleaner,3,06-03-2018,28,822
office chair,7,06-03-2018,14,822
printer paper,9,06-03-2018,49,822
wrenches,15,06-03-2018,14,822
toilet paper,1,06-04-2018,126,823
printer paper,9,06-04-2018,49,823
box cutters,6,06-04-2018,280,823
office chair,7,06-04-2018,14,823
scanner batt,11,06-04-2018,63,823
water bottles,16,06-04-2018,672,823
keyboards,17,06-05-2018,35,824
photo paper,18,06-05-2018,5243,824
toilet paper,1,06-05-2018,126,824
pens,8,06-05-2018,392,824
plastic bags,4,06-06-2018,812,825
blank badges,10,06-06-2018,749,825
meat trays,12,06-06-2018,2338,825
paper towel,2,06-07-2018,147,826
light bulbs,5,06-07-2018,112,826
soap,14,06-07-2018,105,826
plastic wrap,19,06-07-2018,147,826
produce bags,13,06-07-2018,175,826
keyboards,17,06-07-2018,35,826
box cutters,6,06-08-2018,280,827
pens,8,06-08-2018,392,827
wrenches,15,06-08-2018,14,827
water bottles,16,06-08-2018,672,827
paper towel,2,06-08-2018,147,827
plastic bags,4,06-08-2018,812,827
light bulbs,5,06-08-2018,112,827
blank badges,10,06-08-2018,749,827
meat trays,12,06-08-2018,2338,827
soap,14,06-08-2018,105,827
photo paper,18,06-08-2018,5243,827
plastic wrap,19,06-08-2018,147,827
toilet paper,1,06-09-2018,126,828
cleaner,3,06-09-2018,28,828
office chair,7,06-09-2018,14,828
scanner batt,11,06-09-2018,63,828
produce bags,13,06-09-2018,175,828
cleaner,3,06-09-2018,28,828
printer paper,9,06-09-2018,49,828
printer paper,9,06-10-2018,49,829
blank badges,10,06-10-2018,749,829
keyboards,17,06-10-2018,35,829
photo paper,18,06-10-2018,5243,829
toilet paper,1,06-10-2018,126,829
box cutters,6,06-10-2018,280,829
office chair,7,06-10-2018,14,829
pens,8,06-10-2018,392,829
scanner batt,11,06-10-2018,63,829
wrenches,15,06-10-2018,14,829
water bottles,16,06-10-2018,672,829
plastic bags,4,06-11-2018,812,830
meat trays,12,06-11-2018,2338,830
produce bags,13,06-11-2018,175,830
paper towel,2,06-12-2018,147,831
light bulbs,5,06-12-2018,112,831
soap,14,06-12-2018,105,831
plastic wrap,19,06-12-2018,147,831
keyboards,17,06-12-2018,35,831
box cutters,6,06-13-2018,280,832
water bottles,16,06-13-2018,672,832
meat trays,12,06-13-2018,2338,832
soap,14,06-13-2018,105,832
photo paper,18,06-13-2018,5243,832
pens,8,06-14-2018,392,833
produce bags,13,06-14-2018,175,833
paper towel,2,06-14-2018,147,833
plastic bags,4,06-14-2018,812,833
light bulbs,5,06-14-2018,112,833
blank badges,10,06-14-2018,749,833
plastic wrap,19,06-14-2018,147,833
toilet paper,1,06-15-2018,126,834
cleaner,3,06-15-2018,28,834
scanner batt,11,06-15-2018,63,834
wrenches,15,06-15-2018,14,834
cleaner,3,06-15-2018,28,834
printer paper,9,06-15-2018,49,834
office chair,7,06-16-2018,14,835
printer paper,9,06-16-2018,49,835
photo paper,18,06-16-2018,5243,835
toilet paper,1,06-16-2018,126,835
box cutters,6,06-16-2018,280,835
pens,8,06-16-2018,392,835
scanner batt,11,06-16-2018,63,835
wrenches,15,06-16-2018,14,835
water bottles,16,06-16-2018,672,835
plastic bags,4,06-17-2018,812,836
light bulbs,5,06-17-2018,112,836
blank badges,10,06-17-2018,749,836
meat trays,12,06-17-2018,2338,836
keyboards,17,06-17-2018,35,836
office chair,7,06-17-2018,14,836
produce bags,13,06-17-2018,175,836
keyboards,17,06-17-2018,35,836
paper towel,2,06-18-2018,147,837
box cutters,6,06-18-2018,280,837
pens,8,06-18-2018,392,837
soap,14,06-18-2018,105,837
water bottles,16,06-18-2018,672,837
plastic wrap,19,06-18-2018,147,837
plastic bags,4,06-18-2018,812,837
meat trays,12,06-18-2018,2338,837
soap,14,06-18-2018,105,837
photo paper,18,06-18-2018,5243,837
produce bags,13,06-19-2018,175,838
paper towel,2,06-19-2018,147,838
light bulbs,5,06-19-2018,112,838
blank badges,10,06-19-2018,749,838
plastic wrap,19,06-19-2018,147,838
scanner batt,11,06-20-2018,63,839
cleaner,3,06-20-2018,28,839
printer paper,9,06-20-2018,49,839
toilet paper,1,06-21-2018,135,840
cleaner,3,06-21-2018,30,840
printer paper,9,06-21-2018,53,840
wrenches,15,06-21-2018,15,840
box cutters,6,06-21-2018,294,840
pens,8,06-21-2018,411,840
scanner batt,11,06-21-2018,66,840
water bottles,16,06-21-2018,704,840
plastic bags,4,06-22-2018,870,841
office chair,7,06-22-2018,15,841
blank badges,10,06-22-2018,803,841
meat trays,12,06-22-2018,2505,841
keyboards,17,06-22-2018,38,841
photo paper,18,06-22-2018,5618,841
toilet paper,1,06-22-2018,132,841
office chair,7,06-22-2018,15,841
produce bags,13,06-22-2018,184,841
wrenches,15,06-22-2018,15,841
paper towel,2,06-23-2018,158,842
light bulbs,5,06-23-2018,120,842
soap,14,06-23-2018,113,842
plastic wrap,19,06-23-2018,158,842
keyboards,17,06-23-2018,37,842
box cutters,6,06-24-2018,300,843
pens,8,06-24-2018,420,843
produce bags,13,06-24-2018,188,843
water bottles,16,06-24-2018,720,843
paper towel,2,06-24-2018,154,843
plastic bags,4,06-24-2018,851,843
light bulbs,5,06-24-2018,118,843
blank badges,10,06-24-2018,785,843
meat trays,12,06-24-2018,2450,843
soap,14,06-24-2018,110,843
photo paper,18,06-24-2018,5493,843
plastic wrap,19,06-24-2018,154,843
scanner batt,11,06-25-2018,68,844
cleaner,3,06-25-2018,30,844
printer paper,9,06-25-2018,52,844
toilet paper,1,06-26-2018,135,845
cleaner,3,06-26-2018,30,845
printer paper,9,06-26-2018,53,845
wrenches,15,06-26-2018,15,845
photo paper,18,06-26-2018,5618,845
toilet paper,1,06-26-2018,132,845
box cutters,6,06-26-2018,294,845
pens,8,06-26-2018,411,845
scanner batt,11,06-26-2018,66,845
water bottles,16,06-26-2018,704,845
plastic bags,4,06-27-2018,870,846
office chair,7,06-27-2018,15,846
blank badges,10,06-27-2018,803,846
meat trays,12,06-27-2018,2505,846
keyboards,17,06-27-2018,38,846
light bulbs,5,06-28-2018,120,847
soap,14,06-28-2018,113,847
plastic wrap,19,06-28-2018,158,847
produce bags,13,06-28-2018,184,847
wrenches,15,06-28-2018,15,847
paper towel,2,06-29-2018,158,848
box cutters,6,06-29-2018,300,848
water bottles,16,06-29-2018,720,848
office chair,7,06-29-2018,15,848
meat trays,12,06-29-2018,2450,848
keyboards,17,06-29-2018,37,848
photo paper,18,06-29-2018,5493,848
pens,8,06-30-2018,420,849
paper towel,2,06-30-2018,154,849
plastic bags,4,06-30-2018,851,849
light bulbs,5,06-30-2018,118,849
blank badges,10,06-30-2018,785,849
soap,14,06-30-2018,110,849
plastic wrap,19,06-30-2018,154,849
scanner batt,11,07-01-2018,68,850
produce bags,13,07-01-2018,188,850
toilet paper,1,07-02-2018,135,851
cleaner,3,07-02-2018,30,851
box cutters,6,07-02-2018,294,851
pens,8,07-02-2018,411,851
printer paper,9,07-02-2018,52,851
scanner batt,11,07-02-2018,66,851
water bottles,16,07-02-2018,704,851
cleaner,3,07-03-2018,30,852
plastic bags,4,07-03-2018,870,852
printer paper,9,07-03-2018,53,852
blank badges,10,07-03-2018,803,852
meat trays,12,07-03-2018,2505,852
wrenches,15,07-03-2018,15,852
photo paper,18,07-03-2018,5618,852
toilet paper,1,07-03-2018,132,852
produce bags,13,07-03-2018,184,852
paper towel,2,07-04-2018,158,853
light bulbs,5,07-04-2018,120,853
office chair,7,07-04-2018,15,853
soap,14,07-04-2018,113,853
keyboards,17,07-04-2018,38,853
plastic wrap,19,07-04-2018,158,853
meat trays,12,07-04-2018,2450,853
wrenches,15,07-04-2018,15,853
keyboards,17,07-04-2018,37,853
photo paper,18,07-04-2018,5493,853
box cutters,6,07-05-2018,280,854
pens,8,07-05-2018,392,854
water bottles,16,07-05-2018,672,854
paper towel,2,07-05-2018,154,854
plastic bags,4,07-05-2018,851,854
light bulbs,5,07-05-2018,118,854
office chair,7,07-05-2018,15,854
blank badges,10,07-05-2018,785,854
soap,14,07-05-2018,110,854
plastic wrap,19,07-05-2018,154,854
produce bags,13,07-06-2018,175,855
scanner batt,11,07-07-2018,63,856
water bottles,16,07-07-2018,704,856
toilet paper,1,07-08-2018,126,857
cleaner,3,07-08-2018,30,857
box cutters,6,07-08-2018,294,857
pens,8,07-08-2018,411,857
printer paper,9,07-08-2018,52,857
scanner batt,11,07-08-2018,66,857
cleaner,3,07-09-2018,28,858
plastic bags,4,07-09-2018,812,858
blank badges,10,07-09-2018,749,858
photo paper,18,07-09-2018,5243,858
toilet paper,1,07-09-2018,132,858
light bulbs,5,07-10-2018,112,859
printer paper,9,07-10-2018,49,859
meat trays,12,07-10-2018,2338,859
wrenches,15,07-10-2018,14,859
keyboards,17,07-10-2018,35,859
produce bags,13,07-10-2018,184,859
paper towel,2,07-11-2018,147,860
box cutters,6,07-11-2018,280,860
office chair,7,07-11-2018,14,860
pens,8,07-11-2018,392,860
soap,14,07-11-2018,105,860
water bottles,16,07-11-2018,672,860
plastic wrap,19,07-11-2018,147,860
paper towel,2,07-11-2018,154,860
plastic bags,4,07-11-2018,851,860
light bulbs,5,07-11-2018,118,860
blank badges,10,07-11-2018,785,860
meat trays,12,07-11-2018,2450,860
soap,14,07-11-2018,110,860
wrenches,15,07-11-2018,15,860
keyboards,17,07-11-2018,37,860
photo paper,18,07-11-2018,5493,860
plastic wrap,19,07-11-2018,154,860
scanner batt,11,07-12-2018,63,861
produce bags,13,07-12-2018,175,861
office chair,7,07-12-2018,14,861
toilet paper,1,07-13-2018,126,862
box cutters,6,07-13-2018,280,862
pens,8,07-13-2018,392,862
printer paper,9,07-13-2018,49,862
water bottles,16,07-13-2018,672,862
plastic bags,4,07-14-2018,812,863
blank badges,10,07-14-2018,749,863
photo paper,18,07-14-2018,5243,863
toilet paper,1,07-14-2018,126,863
cleaner,3,07-14-2018,28,863
scanner batt,11,07-14-2018,63,863
cleaner,3,07-15-2018,28,864
printer paper,9,07-15-2018,49,864
meat trays,12,07-15-2018,2338,864
produce bags,13,07-15-2018,175,864
light bulbs,5,07-16-2018,112,865
soap,14,07-16-2018,105,865
wrenches,15,07-16-2018,14,865
water bottles,16,07-16-2018,672,865
keyboards,17,07-16-2018,35,865
plastic wrap,19,07-16-2018,147,865
paper towel,2,07-17-2018,147,866
box cutters,6,07-17-2018,280,866
pens,8,07-17-2018,392,866
produce bags,13,07-17-2018,175,866
paper towel,2,07-17-2018,147,866
plastic bags,4,07-17-2018,812,866
blank badges,10,07-17-2018,749,866
meat trays,12,07-17-2018,2338,866
soap,14,07-17-2018,105,866
keyboards,17,07-17-2018,35,866
photo paper,18,07-17-2018,5243,866
plastic wrap,19,07-17-2018,147,866
office chair,7,07-18-2018,14,867
scanner batt,11,07-18-2018,63,867
light bulbs,5,07-18-2018,112,867
office chair,7,07-18-2018,14,867
wrenches,15,07-18-2018,14,867
toilet paper,1,07-19-2018,126,868
photo paper,18,07-19-2018,5243,868
box cutters,6,07-19-2018,280,868
pens,8,07-19-2018,392,868
printer paper,9,07-19-2018,49,868
scanner batt,11,07-19-2018,63,868
water bottles,16,07-19-2018,672,868
cleaner,3,07-20-2018,28,869
plastic bags,4,07-20-2018,812,869
printer paper,9,07-20-2018,49,869
blank badges,10,07-20-2018,749,869
meat trays,12,07-20-2018,2338,869
toilet paper,1,07-20-2018,126,869
cleaner,3,07-20-2018,28,869
produce bags,13,07-20-2018,175,869
light bulbs,5,07-21-2018,112,870
box cutters,6,07-21-2018,280,870
soap,14,07-21-2018,105,870
water bottles,16,07-21-2018,672,870
keyboards,17,07-21-2018,35,870
plastic wrap,19,07-21-2018,147,870
paper towel,2,07-22-2018,147,871
pens,8,07-22-2018,392,871
wrenches,15,07-22-2018,14,871
plastic bags,4,07-22-2018,812,871
blank badges,10,07-22-2018,749,871
meat trays,12,07-22-2018,2338,871
soap,14,07-22-2018,105,871
keyboards,17,07-22-2018,35,871
photo paper,18,07-22-2018,5243,871
produce bags,13,07-23-2018,175,872
paper towel,2,07-23-2018,147,872
light bulbs,5,07-23-2018,112,872
plastic wrap,19,07-23-2018,147,872
office chair,7,07-24-2018,14,873
scanner batt,11,07-24-2018,63,873
water bottles,16,07-24-2018,672,873
toilet paper,1,07-25-2018,126,874
photo paper,18,07-25-2018,5243,874
box cutters,6,07-25-2018,280,874
office chair,7,07-25-2018,14,874
pens,8,07-25-2018,392,874
wrenches,15,07-25-2018,14,874
plastic bags,4,07-26-2018,812,875
blank badges,10,07-26-2018,749,875
meat trays,12,07-26-2018,2338,875
toilet paper,1,07-26-2018,126,875
cleaner,3,07-26-2018,28,875
printer paper,9,07-26-2018,49,875
scanner batt,11,07-26-2018,63,875
produce bags,13,07-26-2018,175,875
paper towel,2,07-27-2018,147,876
cleaner,3,07-27-2018,28,876
light bulbs,5,07-27-2018,112,876
box cutters,6,07-27-2018,280,876
pens,8,07-27-2018,392,876
printer paper,9,07-27-2018,49,876
soap,14,07-27-2018,105,876
water bottles,16,07-27-2018,672,876
keyboards,17,07-27-2018,35,876
plastic wrap,19,07-27-2018,147,876
meat trays,12,07-27-2018,2338,876
photo paper,18,07-27-2018,5243,876
produce bags,13,07-28-2018,175,877
wrenches,15,07-28-2018,14,877
paper towel,2,07-28-2018,147,877
plastic bags,4,07-28-2018,812,877
light bulbs,5,07-28-2018,112,877
blank badges,10,07-28-2018,749,877
soap,14,07-28-2018,105,877
keyboards,17,07-28-2018,35,877
plastic wrap,19,07-28-2018,147,877
office chair,7,07-29-2018,14,878
scanner batt,11,07-29-2018,63,878
water bottles,16,07-29-2018,672,878
toilet paper,1,07-30-2018,126,879
photo paper,18,07-30-2018,5243,879
box cutters,6,07-30-2018,280,879
pens,8,07-30-2018,392,879
plastic bags,4,07-31-2018,812,880
blank badges,10,07-31-2018,749,880
toilet paper,1,07-31-2018,126,880
office chair,7,07-31-2018,14,880
printer paper,9,07-31-2018,49,880
scanner batt,11,07-31-2018,63,880
wrenches,15,07-31-2018,14,880
meat trays,12,08-01-2018,2338,881
cleaner,3,08-01-2018,28,881
produce bags,13,08-01-2018,175,881
paper towel,2,08-02-2018,158,882
cleaner,3,08-02-2018,30,882
light bulbs,5,08-02-2018,120,882
box cutters,6,08-02-2018,300,882
pens,8,08-02-2018,420,882
printer paper,9,08-02-2018,53,882
produce bags,13,08-02-2018,188,882
soap,14,08-02-2018,113,882
water bottles,16,08-02-2018,720,882
keyboards,17,08-02-2018,38,882
plastic wrap,19,08-02-2018,158,882
paper towel,2,08-02-2018,154,882
plastic bags,4,08-02-2018,851,882
light bulbs,5,08-02-2018,118,882
blank badges,10,08-02-2018,785,882
meat trays,12,08-02-2018,2450,882
soap,14,08-02-2018,110,882
keyboards,17,08-02-2018,37,882
photo paper,18,08-02-2018,5493,882
plastic wrap,19,08-02-2018,154,882
toilet paper,1,08-03-2018,144,883
plastic bags,4,08-03-2018,929,883
office chair,7,08-03-2018,16,883
blank badges,10,08-03-2018,856,883
scanner batt,11,08-03-2018,72,883
wrenches,15,08-03-2018,16,883
photo paper,18,08-03-2018,5992,883
toilet paper,1,08-03-2018,138,883
box cutters,6,08-03-2018,307,883
office chair,7,08-03-2018,16,883
pens,8,08-03-2018,430,883
scanner batt,11,08-03-2018,69,883
wrenches,15,08-03-2018,16,883
water bottles,16,08-03-2018,736,883
paper towel,2,08-04-2018,179,884
cleaner,3,08-04-2018,34,884
light bulbs,5,08-04-2018,136,884
box cutters,6,08-04-2018,340,884
pens,8,08-04-2018,476,884
printer paper,9,08-04-2018,60,884
meat trays,12,08-04-2018,2839,884
soap,14,08-04-2018,128,884
water bottles,16,08-04-2018,816,884
keyboards,17,08-04-2018,43,884
plastic wrap,19,08-04-2018,179,884
cleaner,3,08-04-2018,32,884
plastic bags,4,08-04-2018,929,884
printer paper,9,08-04-2018,56,884
meat trays,12,08-04-2018,2672,884
produce bags,13,08-04-2018,200,884
photo paper,18,08-04-2018,5992,884
produce bags,13,08-05-2018,226,885
paper towel,2,08-05-2018,175,885
light bulbs,5,08-05-2018,134,885
blank badges,10,08-05-2018,892,885
soap,14,08-05-2018,125,885
keyboards,17,08-05-2018,42,885
plastic wrap,19,08-05-2018,175,885
toilet paper,1,08-06-2018,171,886
scanner batt,11,08-06-2018,86,886
wrenches,15,08-06-2018,19,886
box cutters,6,08-06-2018,347,886
pens,8,08-06-2018,486,886
water bottles,16,08-06-2018,832,886
plastic bags,4,08-07-2018,1160,887
office chair,7,08-07-2018,20,887
blank badges,10,08-07-2018,1070,887
meat trays,12,08-07-2018,3340,887
photo paper,18,08-07-2018,7490,887
toilet paper,1,08-07-2018,162,887
office chair,7,08-07-2018,18,887
printer paper,9,08-07-2018,63,887
scanner batt,11,08-07-2018,81,887
produce bags,13,08-07-2018,226,887
wrenches,15,08-07-2018,18,887
cleaner,3,08-08-2018,38,888
paper towel,2,08-09-2018,231,889
cleaner,3,08-09-2018,44,889
light bulbs,5,08-09-2018,176,889
box cutters,6,08-09-2018,440,889
pens,8,08-09-2018,616,889
printer paper,9,08-09-2018,77,889
produce bags,13,08-09-2018,275,889
soap,14,08-09-2018,165,889
water bottles,16,08-09-2018,1056,889
keyboards,17,08-09-2018,55,889
plastic wrap,19,08-09-2018,231,889
paper towel,2,08-09-2018,203,889
plastic bags,4,08-09-2018,1122,889
light bulbs,5,08-09-2018,155,889
blank badges,10,08-09-2018,1035,889
meat trays,12,08-09-2018,3229,889
soap,14,08-09-2018,145,889
keyboards,17,08-09-2018,49,889
photo paper,18,08-09-2018,7241,889
plastic wrap,19,08-09-2018,203,889
toilet paper,1,08-10-2018,207,890
scanner batt,11,08-10-2018,104,890
wrenches,15,08-10-2018,23,890
toilet paper,1,08-10-2018,180,890
box cutters,6,08-10-2018,400,890
pens,8,08-10-2018,560,890
scanner batt,11,08-10-2018,90,890
water bottles,16,08-10-2018,960,890
plastic bags,4,08-11-2018,1392,891
office chair,7,08-11-2018,24,891
blank badges,10,08-11-2018,1284,891
meat trays,12,08-11-2018,4008,891
photo paper,18,08-11-2018,8988,891
cleaner,3,08-11-2018,42,891
office chair,7,08-11-2018,21,891
printer paper,9,08-11-2018,73,891
produce bags,13,08-11-2018,259,891
wrenches,15,08-11-2018,21,891
paper towel,2,08-12-2018,263,892
cleaner,3,08-12-2018,50,892
light bulbs,5,08-12-2018,200,892
box cutters,6,08-12-2018,500,892
pens,8,08-12-2018,700,892
printer paper,9,08-12-2018,88,892
soap,14,08-12-2018,188,892
water bottles,16,08-12-2018,1200,892
keyboards,17,08-12-2018,63,892
plastic wrap,19,08-12-2018,263,892
paper towel,2,08-12-2018,224,892
plastic bags,4,08-12-2018,1238,892
light bulbs,5,08-12-2018,171,892
blank badges,10,08-12-2018,1142,892
meat trays,12,08-12-2018,3563,892
soap,14,08-12-2018,160,892
keyboards,17,08-12-2018,54,892
photo paper,18,08-12-2018,7990,892
plastic wrap,19,08-12-2018,224,892
produce bags,13,08-13-2018,325,893
box cutters,6,08-13-2018,440,893
pens,8,08-13-2018,616,893
water bottles,16,08-13-2018,1056,893
toilet paper,1,08-14-2018,204,894
scanner batt,11,08-14-2018,102,894
toilet paper,1,08-15-2018,252,895
scanner batt,11,08-15-2018,126,895
wrenches,15,08-15-2018,28,895
office chair,7,08-15-2018,24,895
printer paper,9,08-15-2018,82,895
produce bags,13,08-15-2018,292,895
wrenches,15,08-15-2018,24,895
plastic bags,4,08-16-2018,1624,896
blank badges,10,08-16-2018,1498,896
meat trays,12,08-16-2018,4676,896
photo paper,18,08-16-2018,10486,896
cleaner,3,08-16-2018,48,896
plastic bags,4,08-16-2018,1392,896
meat trays,12,08-16-2018,4008,896
photo paper,18,08-16-2018,8988,896
office chair,7,08-17-2018,28,897
paper towel,2,08-17-2018,259,897
light bulbs,5,08-17-2018,198,897
blank badges,10,08-17-2018,1320,897
soap,14,08-17-2018,185,897
plastic wrap,19,08-17-2018,259,897
paper towel,2,08-18-2018,294,898
cleaner,3,08-18-2018,56,898
light bulbs,5,08-18-2018,224,898
box cutters,6,08-18-2018,560,898
pens,8,08-18-2018,784,898
printer paper,9,08-18-2018,98,898
soap,14,08-18-2018,210,898
water bottles,16,08-18-2018,1344,898
keyboards,17,08-18-2018,70,898
plastic wrap,19,08-18-2018,294,898
box cutters,6,08-18-2018,507,898
pens,8,08-18-2018,710,898
water bottles,16,08-18-2018,1216,898
keyboards,17,08-18-2018,64,898
produce bags,13,08-19-2018,350,899
toilet paper,1,08-19-2018,234,899
printer paper,9,08-19-2018,91,899
scanner batt,11,08-19-2018,117,899
produce bags,13,08-19-2018,325,899
office chair,7,08-20-2018,26,900
wrenches,15,08-20-2018,26,900
toilet paper,1,08-21-2018,234,901
plastic bags,4,08-21-2018,1508,901
blank badges,10,08-21-2018,1391,901
scanner batt,11,08-21-2018,117,901
photo paper,18,08-21-2018,9737,901
cleaner,3,08-21-2018,52,901
plastic bags,4,08-21-2018,1508,901
meat trays,12,08-21-2018,4342,901
photo paper,18,08-21-2018,9737,901
meat trays,12,08-22-2018,4175,902
wrenches,15,08-22-2018,25,902
paper towel,2,08-22-2018,273,902
blank badges,10,08-22-2018,1391,902
soap,14,08-22-2018,195,902
plastic wrap,19,08-22-2018,273,902
light bulbs,5,08-24-2018,198,903
water bottles,16,08-25-2018,1152,904
keyboards,17,08-25-2018,60,904
office chair,7,08-26-2018,21,905
box cutters,6,08-26-2018,467,905
pens,8,08-26-2018,654,905
paper towel,2,08-27-2018,210,906
light bulbs,5,08-27-2018,160,906
box cutters,6,08-27-2018,400,906
pens,8,08-27-2018,560,906
soap,14,08-27-2018,150,906
water bottles,16,08-27-2018,960,906
plastic wrap,19,08-27-2018,210,906
cleaner,3,08-28-2018,38,907
printer paper,9,08-28-2018,67,907
produce bags,13,08-28-2018,238,907
keyboards,17,08-28-2018,48,907
toilet paper,1,08-28-2018,198,907
scanner batt,11,08-28-2018,99,907
printer paper,9,08-29-2018,75,908
produce bags,13,08-29-2018,267,908
toilet paper,1,08-31-2018,144,909
scanner batt,11,08-31-2018,72,909
plastic bags,4,09-01-2018,870,910
blank badges,10,09-01-2018,803,910
meat trays,12,09-01-2018,2505,910
photo paper,18,09-01-2018,5618,910
plastic bags,4,09-01-2018,1122,910
office chair,7,09-01-2018,20,910
meat trays,12,09-01-2018,3229,910
wrenches,15,09-01-2018,20,910
photo paper,18,09-01-2018,7241,910
paper towel,2,09-02-2018,196,911
cleaner,3,09-02-2018,38,911
blank badges,10,09-02-2018,999,911
soap,14,09-02-2018,140,911
plastic wrap,19,09-02-2018,196,911
wrenches,15,09-03-2018,14,912
light bulbs,5,09-03-2018,144,912
paper towel,2,09-04-2018,147,913
light bulbs,5,09-04-2018,112,913
box cutters,6,09-04-2018,280,913
office chair,7,09-04-2018,14,913
pens,8,09-04-2018,392,913
soap,14,09-04-2018,105,913
water bottles,16,09-04-2018,672,913
plastic wrap,19,09-04-2018,147,913
box cutters,6,09-04-2018,347,913
pens,8,09-04-2018,486,913
water bottles,16,09-04-2018,832,913
keyboards,17,09-04-2018,44,913
cleaner,3,09-05-2018,28,914
printer paper,9,09-05-2018,49,914
produce bags,13,09-05-2018,175,914
keyboards,17,09-05-2018,35,914
toilet paper,1,09-05-2018,150,914
toilet paper,1,09-06-2018,126,915
plastic bags,4,09-06-2018,812,915
blank badges,10,09-06-2018,749,915
scanner batt,11,09-06-2018,63,915
photo paper,18,09-06-2018,5243,915
scanner batt,11,09-06-2018,72,915
produce bags,13,09-06-2018,200,915
meat trays,12,09-07-2018,2338,916
printer paper,9,09-07-2018,54,916
plastic bags,4,09-08-2018,851,917
meat trays,12,09-08-2018,2450,917
photo paper,18,09-08-2018,5493,917
paper towel,2,09-09-2018,147,918
light bulbs,5,09-09-2018,112,918
box cutters,6,09-09-2018,280,918
pens,8,09-09-2018,392,918
soap,14,09-09-2018,105,918
wrenches,15,09-09-2018,14,918
water bottles,16,09-09-2018,672,918
plastic wrap,19,09-09-2018,147,918
blank badges,10,09-09-2018,749,918
office chair,7,09-10-2018,14,919
paper towel,2,09-10-2018,147,919
cleaner,3,09-10-2018,28,919
light bulbs,5,09-10-2018,112,919
office chair,7,09-10-2018,14,919
soap,14,09-10-2018,105,919
wrenches,15,09-10-2018,14,919
plastic wrap,19,09-10-2018,147,919
printer paper,9,09-11-2018,49,920
produce bags,13,09-11-2018,175,920
keyboards,17,09-11-2018,35,920
box cutters,6,09-11-2018,280,920
pens,8,09-11-2018,392,920
water bottles,16,09-11-2018,672,920
keyboards,17,09-11-2018,35,920
toilet paper,1,09-12-2018,126,921
cleaner,3,09-12-2018,28,921
plastic bags,4,09-12-2018,812,921
blank badges,10,09-12-2018,749,921
photo paper,18,09-12-2018,5243,921
toilet paper,1,09-12-2018,126,921
scanner batt,11,09-13-2018,63,922
meat trays,12,09-13-2018,2338,922
scanner batt,11,09-13-2018,63,922
produce bags,13,09-13-2018,175,922
paper towel,2,09-14-2018,147,923
light bulbs,5,09-14-2018,112,923
box cutters,6,09-14-2018,280,923
pens,8,09-14-2018,392,923
soap,14,09-14-2018,105,923
wrenches,15,09-14-2018,14,923
water bottles,16,09-14-2018,672,923
plastic wrap,19,09-14-2018,147,923
plastic bags,4,09-14-2018,812,923
printer paper,9,09-14-2018,49,923
blank badges,10,09-14-2018,749,923
meat trays,12,09-14-2018,2338,923
soap,14,09-14-2018,105,923
photo paper,18,09-14-2018,5243,923
produce bags,13,09-15-2018,175,924
paper towel,2,09-15-2018,147,924
cleaner,3,09-15-2018,28,924
light bulbs,5,09-15-2018,112,924
box cutters,6,09-15-2018,280,924
water bottles,16,09-15-2018,672,924
plastic wrap,19,09-15-2018,147,924
office chair,7,09-16-2018,14,925
printer paper,9,09-16-2018,49,925
keyboards,17,09-16-2018,35,925
office chair,7,09-16-2018,14,925
pens,8,09-16-2018,392,925
wrenches,15,09-16-2018,14,925
keyboards,17,09-16-2018,35,925
cleaner,3,09-17-2018,28,926
toilet paper,1,09-18-2018,126,927
plastic bags,4,09-18-2018,812,927
blank badges,10,09-18-2018,749,927
meat trays,12,09-18-2018,2338,927
photo paper,18,09-18-2018,5243,927
toilet paper,1,09-18-2018,126,927
scanner batt,11,09-18-2018,63,927
scanner batt,11,09-19-2018,63,928
produce bags,13,09-19-2018,175,928
light bulbs,5,09-20-2018,112,929
box cutters,6,09-20-2018,280,929
pens,8,09-20-2018,392,929
soap,14,09-20-2018,105,929
water bottles,16,09-20-2018,672,929
plastic bags,4,09-20-2018,812,929
printer paper,9,09-20-2018,49,929
blank badges,10,09-20-2018,749,929
meat trays,12,09-20-2018,2338,929
photo paper,18,09-20-2018,5243,929
paper towel,2,09-21-2018,147,930
produce bags,13,09-21-2018,175,930
wrenches,15,09-21-2018,14,930
plastic wrap,19,09-21-2018,147,930
paper towel,2,09-21-2018,147,930
cleaner,3,09-21-2018,28,930
light bulbs,5,09-21-2018,112,930
box cutters,6,09-21-2018,280,930
pens,8,09-21-2018,392,930
soap,14,09-21-2018,105,930
water bottles,16,09-21-2018,672,930
plastic wrap,19,09-21-2018,147,930
office chair,7,09-22-2018,14,931
printer paper,9,09-22-2018,49,931
keyboards,17,09-22-2018,35,931
office chair,7,09-22-2018,14,931
wrenches,15,09-22-2018,14,931
keyboards,17,09-22-2018,35,931
toilet paper,1,09-23-2018,126,932
cleaner,3,09-23-2018,28,932
plastic bags,4,09-23-2018,812,932
blank badges,10,09-23-2018,749,932
meat trays,12,09-23-2018,2338,932
photo paper,18,09-23-2018,5243,932
toilet paper,1,09-23-2018,126,932
scanner batt,11,09-23-2018,63,932
scanner batt,11,09-24-2018,63,933
produce bags,13,09-24-2018,175,933
plastic bags,4,09-25-2018,812,934
meat trays,12,09-25-2018,2338,934
photo paper,18,09-25-2018,5243,934
paper towel,2,09-26-2018,147,935
light bulbs,5,09-26-2018,112,935
box cutters,6,09-26-2018,280,935
pens,8,09-26-2018,392,935
soap,14,09-26-2018,105,935
water bottles,16,09-26-2018,672,935
plastic wrap,19,09-26-2018,147,935
printer paper,9,09-26-2018,49,935
blank badges,10,09-26-2018,749,935
soap,14,09-26-2018,105,935
produce bags,13,09-27-2018,175,936
paper towel,2,09-27-2018,147,936
cleaner,3,09-27-2018,28,936
light bulbs,5,09-27-2018,112,936
box cutters,6,09-27-2018,280,936
pens,8,09-27-2018,392,936
water bottles,16,09-27-2018,672,936
plastic wrap,19,09-27-2018,147,936
printer paper,9,09-28-2018,49,937
wrenches,15,09-28-2018,14,937
keyboards,17,09-28-2018,35,937
keyboards,17,09-28-2018,35,937
toilet paper,1,09-29-2018,126,938
cleaner,3,09-29-2018,28,938
plastic bags,4,09-29-2018,812,938
office chair,7,09-29-2018,14,938
blank badges,10,09-29-2018,749,938
scanner batt,11,09-29-2018,63,938
meat trays,12,09-29-2018,2338,938
photo paper,18,09-29-2018,5243,938
toilet paper,1,09-29-2018,126,938
office chair,7,09-29-2018,14,938
scanner batt,11,09-29-2018,63,938
wrenches,15,09-29-2018,14,938
box cutters,6,09-30-2018,280,939
water bottles,16,09-30-2018,672,939
plastic bags,4,09-30-2018,812,939
meat trays,12,09-30-2018,2338,939
produce bags,13,09-30-2018,175,939
photo paper,18,09-30-2018,5243,939
paper towel,2,10-01-2018,147,940
light bulbs,5,10-01-2018,112,940
pens,8,10-01-2018,392,940
soap,14,10-01-2018,105,940
plastic wrap,19,10-01-2018,147,940
printer paper,9,10-01-2018,49,940
blank badges,10,10-01-2018,749,940
soap,14,10-01-2018,105,940
produce bags,13,10-02-2018,175,941
paper towel,2,10-02-2018,147,941
light bulbs,5,10-02-2018,112,941
box cutters,6,10-02-2018,280,941
pens,8,10-02-2018,392,941
water bottles,16,10-02-2018,672,941
plastic wrap,19,10-02-2018,147,941
cleaner,3,10-03-2018,28,942
printer paper,9,10-04-2018,49,943
wrenches,15,10-04-2018,14,943
keyboards,17,10-04-2018,35,943
keyboards,17,10-04-2018,35,943
toilet paper,1,10-05-2018,126,944
cleaner,3,10-05-2018,28,944
plastic bags,4,10-05-2018,812,944
office chair,7,10-05-2018,14,944
blank badges,10,10-05-2018,749,944
meat trays,12,10-05-2018,2338,944
photo paper,18,10-05-2018,5243,944
toilet paper,1,10-05-2018,126,944
office chair,7,10-05-2018,14,944
scanner batt,11,10-05-2018,63,944
wrenches,15,10-05-2018,14,944
scanner batt,11,10-06-2018,63,945
plastic bags,4,10-06-2018,812,945
meat trays,12,10-06-2018,2338,945
produce bags,13,10-06-2018,175,945
photo paper,18,10-06-2018,5243,945
paper towel,2,10-07-2018,147,946
light bulbs,5,10-07-2018,112,946
box cutters,6,10-07-2018,280,946
pens,8,10-07-2018,392,946
soap,14,10-07-2018,105,946
water bottles,16,10-07-2018,672,946
plastic wrap,19,10-07-2018,147,946
paper towel,2,10-07-2018,147,946
printer paper,9,10-07-2018,49,946
blank badges,10,10-07-2018,749,946
soap,14,10-07-2018,105,946
water bottles,16,10-07-2018,672,946
plastic wrap,19,10-07-2018,147,946
produce bags,13,10-08-2018,175,947
cleaner,3,10-08-2018,28,947
light bulbs,5,10-08-2018,112,947
box cutters,6,10-08-2018,280,947
pens,8,10-08-2018,392,947
plastic bags,4,10-09-2018,812,948
printer paper,9,10-09-2018,49,948
wrenches,15,10-09-2018,14,948
keyboards,17,10-09-2018,35,948
photo paper,18,10-09-2018,5243,948
keyboards,17,10-09-2018,35,948
toilet paper,1,10-10-2018,126,949
blank badges,10,10-10-2018,749,949
meat trays,12,10-10-2018,2338,949
toilet paper,1,10-10-2018,126,949
cleaner,3,10-11-2018,28,950
office chair,7,10-11-2018,14,950
scanner batt,11,10-11-2018,63,950
office chair,7,10-11-2018,14,950
scanner batt,11,10-11-2018,63,950
produce bags,13,10-11-2018,175,950
wrenches,15,10-11-2018,14,950
box cutters,6,10-12-2018,280,951
pens,8,10-12-2018,392,951
water bottles,16,10-12-2018,672,951
plastic bags,4,10-12-2018,812,951
meat trays,12,10-12-2018,2338,951
photo paper,18,10-12-2018,5243,951
paper towel,2,10-13-2018,147,952
light bulbs,5,10-13-2018,112,952
soap,14,10-13-2018,105,952
plastic wrap,19,10-13-2018,147,952
paper towel,2,10-13-2018,147,952
box cutters,6,10-13-2018,280,952
printer paper,9,10-13-2018,49,952
blank badges,10,10-13-2018,749,952
soap,14,10-13-2018,105,952
water bottles,16,10-13-2018,672,952
plastic wrap,19,10-13-2018,147,952
produce bags,13,10-14-2018,175,953
light bulbs,5,10-14-2018,112,953
pens,8,10-14-2018,392,953
toilet paper,1,10-15-2018,126,954
plastic bags,4,10-15-2018,812,954
printer paper,9,10-15-2018,49,954
blank badges,10,10-15-2018,749,954
meat trays,12,10-15-2018,2338,954
keyboards,17,10-15-2018,35,954
photo paper,18,10-15-2018,5243,954
toilet paper,1,10-15-2018,126,954
cleaner,3,10-15-2018,28,954
keyboards,17,10-15-2018,35,954
cleaner,3,10-16-2018,28,955
scanner batt,11,10-16-2018,63,955
wrenches,15,10-16-2018,14,955
scanner batt,11,10-16-2018,63,955
meat trays,12,10-16-2018,2338,955
produce bags,13,10-16-2018,175,955
photo paper,18,10-16-2018,5243,955
box cutters,6,10-17-2018,280,956
office chair,7,10-17-2018,14,956
pens,8,10-17-2018,392,956
water bottles,16,10-17-2018,672,956
plastic bags,4,10-17-2018,812,956
office chair,7,10-17-2018,14,956
blank badges,10,10-17-2018,749,956
wrenches,15,10-17-2018,14,956
paper towel,2,10-18-2018,147,957
light bulbs,5,10-18-2018,112,957
soap,14,10-18-2018,105,957
plastic wrap,19,10-18-2018,147,957
paper towel,2,10-18-2018,147,957
soap,14,10-18-2018,105,957
plastic wrap,19,10-18-2018,147,957
produce bags,13,10-19-2018,175,958
light bulbs,5,10-19-2018,112,958
box cutters,6,10-19-2018,280,958
pens,8,10-19-2018,392,958
printer paper,9,10-19-2018,49,958
water bottles,16,10-19-2018,672,958
toilet paper,1,10-21-2018,126,959
plastic bags,4,10-21-2018,812,959
printer paper,9,10-21-2018,49,959
blank badges,10,10-21-2018,749,959
meat trays,12,10-21-2018,2338,959
keyboards,17,10-21-2018,35,959
photo paper,18,10-21-2018,5243,959
toilet paper,1,10-21-2018,126,959
cleaner,3,10-21-2018,28,959
keyboards,17,10-21-2018,35,959
scanner batt,11,10-22-2018,63,960
wrenches,15,10-22-2018,14,960
scanner batt,11,10-22-2018,63,960
produce bags,13,10-22-2018,175,960
cleaner,3,10-23-2018,28,961
box cutters,6,10-23-2018,280,961
office chair,7,10-23-2018,14,961
pens,8,10-23-2018,392,961
water bottles,16,10-23-2018,672,961
plastic bags,4,10-23-2018,812,961
office chair,7,10-23-2018,14,961
blank badges,10,10-23-2018,749,961
meat trays,12,10-23-2018,2338,961
wrenches,15,10-23-2018,14,961
photo paper,18,10-23-2018,5243,961
paper towel,2,10-24-2018,147,962
light bulbs,5,10-24-2018,112,962
produce bags,13,10-24-2018,175,962
soap,14,10-24-2018,105,962
plastic wrap,19,10-24-2018,147,962
paper towel,2,10-24-2018,147,962
light bulbs,5,10-24-2018,112,962
box cutters,6,10-24-2018,280,962
pens,8,10-24-2018,392,962
printer paper,9,10-24-2018,49,962
soap,14,10-24-2018,105,962
water bottles,16,10-24-2018,672,962
plastic wrap,19,10-24-2018,147,962
plastic bags,4,10-26-2018,812,963
blank badges,10,10-26-2018,749,963
meat trays,12,10-26-2018,2338,963
keyboards,17,10-26-2018,35,963
photo paper,18,10-26-2018,5243,963
keyboards,17,10-26-2018,35,963
toilet paper,1,10-27-2018,126,964
printer paper,9,10-27-2018,49,964
toilet paper,1,10-27-2018,126,964
cleaner,3,10-27-2018,28,964
scanner batt,11,10-28-2018,63,965
plastic bags,4,10-28-2018,812,965
scanner batt,11,10-28-2018,63,965
meat trays,12,10-28-2018,2338,965
produce bags,13,10-28-2018,175,965
photo paper,18,10-28-2018,5243,965
cleaner,3,10-29-2018,28,966
box cutters,6,10-29-2018,280,966
pens,8,10-29-2018,392,966
wrenches,15,10-29-2018,14,966
water bottles,16,10-29-2018,672,966
blank badges,10,10-29-2018,749,966
paper towel,2,10-30-2018,147,967
light bulbs,5,10-30-2018,112,967
office chair,7,10-30-2018,14,967
produce bags,13,10-30-2018,175,967
soap,14,10-30-2018,105,967
plastic wrap,19,10-30-2018,147,967
paper towel,2,10-30-2018,147,967
light bulbs,5,10-30-2018,112,967
box cutters,6,10-30-2018,280,967
office chair,7,10-30-2018,14,967
pens,8,10-30-2018,392,967
printer paper,9,10-30-2018,49,967
soap,14,10-30-2018,105,967
wrenches,15,10-30-2018,14,967
water bottles,16,10-30-2018,672,967
plastic wrap,19,10-30-2018,147,967
photo paper,18,10-31-2018,5243,968
toilet paper,1,11-01-2018,135,969
plastic bags,4,11-01-2018,870,969
printer paper,9,11-01-2018,53,969
blank badges,10,11-01-2018,803,969
meat trays,12,11-01-2018,2505,969
keyboards,17,11-01-2018,38,969
toilet paper,1,11-01-2018,132,969
cleaner,3,11-01-2018,30,969
produce bags,13,11-01-2018,184,969
keyboards,17,11-01-2018,37,969
cleaner,3,11-02-2018,30,970
box cutters,6,11-02-2018,300,970
pens,8,11-02-2018,420,970
scanner batt,11,11-02-2018,68,970
wrenches,15,11-02-2018,15,970
water bottles,16,11-02-2018,720,970
plastic bags,4,11-02-2018,851,970
blank badges,10,11-02-2018,785,970
scanner batt,11,11-02-2018,66,970
meat trays,12,11-02-2018,2450,970
photo paper,18,11-02-2018,5493,970
paper towel,2,11-03-2018,158,971
light bulbs,5,11-03-2018,120,971
soap,14,11-03-2018,113,971
plastic wrap,19,11-03-2018,158,971
paper towel,2,11-03-2018,154,971
box cutters,6,11-03-2018,294,971
soap,14,11-03-2018,110,971
water bottles,16,11-03-2018,704,971
plastic wrap,19,11-03-2018,154,971
office chair,7,11-04-2018,15,972
produce bags,13,11-04-2018,188,972
light bulbs,5,11-04-2018,118,972
office chair,7,11-04-2018,15,972
pens,8,11-04-2018,411,972
printer paper,9,11-04-2018,52,972
wrenches,15,11-04-2018,15,972
plastic bags,4,11-06-2018,870,973
blank badges,10,11-06-2018,803,973
meat trays,12,11-06-2018,2505,973
photo paper,18,11-06-2018,5618,973
toilet paper,1,11-07-2018,135,974
printer paper,9,11-07-2018,53,974
keyboards,17,11-07-2018,38,974
toilet paper,1,11-07-2018,132,974
cleaner,3,11-07-2018,30,974
produce bags,13,11-07-2018,184,974
keyboards,17,11-07-2018,37,974
photo paper,18,11-07-2018,5493,974
box cutters,6,11-08-2018,300,975
pens,8,11-08-2018,420,975
scanner batt,11,11-08-2018,68,975
water bottles,16,11-08-2018,720,975
plastic bags,4,11-08-2018,851,975
blank badges,10,11-08-2018,785,975
scanner batt,11,11-08-2018,66,975
meat trays,12,11-08-2018,2450,975
paper towel,2,11-09-2018,158,976
cleaner,3,11-09-2018,30,976
light bulbs,5,11-09-2018,120,976
produce bags,13,11-09-2018,188,976
soap,14,11-09-2018,113,976
wrenches,15,11-09-2018,15,976
plastic wrap,19,11-09-2018,158,976
paper towel,2,11-09-2018,154,976
light bulbs,5,11-09-2018,118,976
box cutters,6,11-09-2018,294,976
pens,8,11-09-2018,411,976
soap,14,11-09-2018,110,976
water bottles,16,11-09-2018,704,976
plastic wrap,19,11-09-2018,154,976
office chair,7,11-10-2018,15,977
office chair,7,11-10-2018,15,977
printer paper,9,11-10-2018,52,977
wrenches,15,11-10-2018,15,977
photo paper,18,11-11-2018,5618,978
toilet paper,1,11-12-2018,135,979
plastic bags,4,11-12-2018,870,979
blank badges,10,11-12-2018,803,979
meat trays,12,11-12-2018,2505,979
toilet paper,1,11-12-2018,132,979
keyboards,17,11-13-2018,38,980
produce bags,13,11-13-2018,178,980
keyboards,17,11-13-2018,36,980
box cutters,6,11-14-2018,300,981
pens,8,11-14-2018,420,981
printer paper,9,11-14-2018,53,981
scanner batt,11,11-14-2018,68,981
water bottles,16,11-14-2018,720,981
cleaner,3,11-14-2018,29,981
plastic bags,4,11-14-2018,822,981
meat trays,12,11-14-2018,2366,981
photo paper,18,11-14-2018,5306,981
paper towel,2,11-15-2018,147,982
cleaner,3,11-15-2018,28,982
light bulbs,5,11-15-2018,112,982
soap,14,11-15-2018,105,982
plastic wrap,19,11-15-2018,147,982
blank badges,10,11-15-2018,758,982
scanner batt,11,11-15-2018,64,982
produce bags,13,11-16-2018,175,983
wrenches,15,11-16-2018,14,983
paper towel,2,11-16-2018,149,983
light bulbs,5,11-16-2018,114,983
box cutters,6,11-16-2018,284,983
pens,8,11-16-2018,397,983
soap,14,11-16-2018,107,983
water bottles,16,11-16-2018,680,983
plastic wrap,19,11-16-2018,149,983
plastic bags,4,11-17-2018,812,984
office chair,7,11-17-2018,14,984
blank badges,10,11-17-2018,749,984
meat trays,12,11-17-2018,2338,984
photo paper,18,11-17-2018,5243,984
printer paper,9,11-17-2018,50,984
toilet paper,1,11-18-2018,126,985
keyboards,17,11-18-2018,35,985
office chair,7,11-18-2018,15,985
wrenches,15,11-18-2018,15,985
printer paper,9,11-19-2018,49,986
toilet paper,1,11-19-2018,128,986
produce bags,13,11-19-2018,178,986
keyboards,17,11-19-2018,36,986
photo paper,18,11-19-2018,5306,986
box cutters,6,11-20-2018,280,987
pens,8,11-20-2018,392,987
scanner batt,11,11-20-2018,63,987
water bottles,16,11-20-2018,672,987
cleaner,3,11-20-2018,29,987
plastic bags,4,11-20-2018,822,987
scanner batt,11,11-20-2018,64,987
meat trays,12,11-20-2018,2366,987
paper towel,2,11-21-2018,147,988
cleaner,3,11-21-2018,28,988
light bulbs,5,11-21-2018,112,988
soap,14,11-21-2018,105,988
plastic wrap,19,11-21-2018,147,988
blank badges,10,11-21-2018,758,988
produce bags,13,11-22-2018,175,989
paper towel,2,11-22-2018,142,989
light bulbs,5,11-22-2018,108,989
box cutters,6,11-22-2018,270,989
pens,8,11-22-2018,378,989
soap,14,11-22-2018,102,989
water bottles,16,11-22-2018,648,989
plastic wrap,19,11-22-2018,142,989
plastic bags,4,11-23-2018,812,990
blank badges,10,11-23-2018,749,990
wrenches,15,11-23-2018,14,990
photo paper,18,11-23-2018,5243,990
printer paper,9,11-23-2018,48,990
toilet paper,1,11-24-2018,126,991
office chair,7,11-24-2018,14,991
meat trays,12,11-24-2018,2338,991
keyboards,17,11-24-2018,35,991
toilet paper,1,11-24-2018,122,991
box cutters,6,11-25-2018,280,992
pens,8,11-25-2018,392,992
printer paper,9,11-25-2018,49,992
scanner batt,11,11-25-2018,63,992
water bottles,16,11-25-2018,672,992
plastic bags,4,11-25-2018,783,992
office chair,7,11-25-2018,14,992
blank badges,10,11-25-2018,723,992
scanner batt,11,11-25-2018,61,992
meat trays,12,11-25-2018,2255,992
produce bags,13,11-25-2018,169,992
wrenches,15,11-25-2018,14,992
keyboards,17,11-25-2018,34,992
photo paper,18,11-25-2018,5056,992
paper towel,2,11-26-2018,147,993
light bulbs,5,11-26-2018,112,993
produce bags,13,11-26-2018,175,993
soap,14,11-26-2018,105,993
plastic wrap,19,11-26-2018,147,993
cleaner,3,11-26-2018,27,993
box cutters,6,11-26-2018,270,993
water bottles,16,11-26-2018,648,993
cleaner,3,11-27-2018,28,994
paper towel,2,11-27-2018,142,994
light bulbs,5,11-27-2018,108,994
pens,8,11-27-2018,378,994
soap,14,11-27-2018,102,994
plastic wrap,19,11-27-2018,142,994
wrenches,15,11-28-2018,15,995
photo paper,18,11-28-2018,5618,995
toilet paper,1,11-29-2018,135,996
plastic bags,4,11-29-2018,870,996
office chair,7,11-29-2018,15,996
blank badges,10,11-29-2018,803,996
meat trays,12,11-29-2018,2505,996
toilet paper,1,11-29-2018,128,996
printer paper,9,11-29-2018,50,996
box cutters,6,11-30-2018,300,997
printer paper,9,11-30-2018,53,997
water bottles,16,11-30-2018,720,997
keyboards,17,11-30-2018,38,997
plastic bags,4,11-30-2018,822,997
meat trays,12,11-30-2018,2366,997
produce bags,13,11-30-2018,178,997
keyboards,17,11-30-2018,36,997
photo paper,18,11-30-2018,5306,997
paper towel,2,12-01-2018,158,998
light bulbs,5,12-01-2018,120,998
pens,8,12-01-2018,420,998
scanner batt,11,12-01-2018,68,998
soap,14,12-01-2018,113,998
plastic wrap,19,12-01-2018,158,998
cleaner,3,12-01-2018,29,998
box cutters,6,12-01-2018,284,998
office chair,7,12-01-2018,15,998
blank badges,10,12-01-2018,758,998
scanner batt,11,12-01-2018,64,998
wrenches,15,12-01-2018,15,998
water bottles,16,12-01-2018,680,998
cleaner,3,12-02-2018,30,999
produce bags,13,12-02-2018,188,999
paper towel,2,12-02-2018,149,999
light bulbs,5,12-02-2018,114,999
pens,8,12-02-2018,397,999
soap,14,12-02-2018,107,999
plastic wrap,19,12-02-2018,149,999
plastic bags,4,12-03-2018,870,1000
blank badges,10,12-03-2018,803,1000
photo paper,18,12-03-2018,5618,1000
printer paper,9,12-03-2018,50,1000
toilet paper,1,12-04-2018,135,1001
meat trays,12,12-04-2018,2505,1001
wrenches,15,12-04-2018,15,1001
toilet paper,1,12-04-2018,132,1001
office chair,7,12-05-2018,16,1002
keyboards,17,12-05-2018,40,1002
plastic bags,4,12-05-2018,890,1002
meat trays,12,12-05-2018,2561,1002
produce bags,13,12-05-2018,192,1002
photo paper,18,12-05-2018,5743,1002
paper towel,2,12-06-2018,168,1003
light bulbs,5,12-06-2018,128,1003
box cutters,6,12-06-2018,320,1003
pens,8,12-06-2018,448,1003
printer paper,9,12-06-2018,56,1003
scanner batt,11,12-06-2018,72,1003
soap,14,12-06-2018,120,1003
water bottles,16,12-06-2018,768,1003
plastic wrap,19,12-06-2018,168,1003
box cutters,6,12-06-2018,307,1003
office chair,7,12-06-2018,16,1003
blank badges,10,12-06-2018,821,1003
scanner batt,11,12-06-2018,69,1003
soap,14,12-06-2018,115,1003
wrenches,15,12-06-2018,16,1003
water bottles,16,12-06-2018,736,1003
keyboards,17,12-06-2018,39,1003
produce bags,13,12-07-2018,200,1004
paper towel,2,12-07-2018,161,1004
cleaner,3,12-07-2018,31,1004
light bulbs,5,12-07-2018,123,1004
pens,8,12-07-2018,430,1004
plastic wrap,19,12-07-2018,161,1004
cleaner,3,12-08-2018,32,1005
plastic bags,4,12-09-2018,929,1006
blank badges,10,12-09-2018,856,1006
meat trays,12,12-09-2018,2672,1006
photo paper,18,12-09-2018,5992,1006
printer paper,9,12-09-2018,54,1006
toilet paper,1,12-10-2018,144,1007
wrenches,15,12-10-2018,16,1007
toilet paper,1,12-10-2018,138,1007
plastic bags,4,12-10-2018,890,1007
meat trays,12,12-10-2018,2561,1007
produce bags,13,12-10-2018,192,1007
photo paper,18,12-10-2018,5743,1007
box cutters,6,12-11-2018,320,1008
office chair,7,12-11-2018,16,1008
pens,8,12-11-2018,448,1008
water bottles,16,12-11-2018,768,1008
keyboards,17,12-11-2018,40,1008
blank badges,10,12-11-2018,821,1008
scanner batt,11,12-11-2018,69,1008
water bottles,16,12-11-2018,736,1008
keyboards,17,12-11-2018,39,1008
paper towel,2,12-12-2018,168,1009
light bulbs,5,12-12-2018,128,1009
printer paper,9,12-12-2018,56,1009
scanner batt,11,12-12-2018,72,1009
soap,14,12-12-2018,120,1009
plastic wrap,19,12-12-2018,168,1009
paper towel,2,12-12-2018,168,1009
box cutters,6,12-12-2018,320,1009
pens,8,12-12-2018,448,1009
soap,14,12-12-2018,120,1009
plastic wrap,19,12-12-2018,168,1009
cleaner,3,12-13-2018,32,1010
produce bags,13,12-13-2018,200,1010
cleaner,3,12-13-2018,32,1010
light bulbs,5,12-13-2018,128,1010
office chair,7,12-13-2018,16,1010
wrenches,15,12-13-2018,16,1010
photo paper,18,12-14-2018,5992,1011
printer paper,9,12-14-2018,56,1011
plastic bags,4,12-15-2018,929,1012
blank badges,10,12-15-2018,856,1012
meat trays,12,12-15-2018,2672,1012
toilet paper,1,12-15-2018,144,1012
toilet paper,1,12-16-2018,144,1013
plastic bags,4,12-16-2018,929,1013
meat trays,12,12-16-2018,2672,1013
produce bags,13,12-16-2018,200,1013
photo paper,18,12-16-2018,5992,1013
box cutters,6,12-17-2018,320,1014
pens,8,12-17-2018,448,1014
wrenches,15,12-17-2018,16,1014
water bottles,16,12-17-2018,768,1014
keyboards,17,12-17-2018,40,1014
blank badges,10,12-17-2018,856,1014
scanner batt,11,12-17-2018,72,1014
water bottles,16,12-17-2018,768,1014
keyboards,17,12-17-2018,40,1014
paper towel,2,12-18-2018,168,1015
light bulbs,5,12-18-2018,128,1015
office chair,7,12-18-2018,16,1015
printer paper,9,12-18-2018,56,1015
scanner batt,11,12-18-2018,72,1015
produce bags,13,12-18-2018,200,1015
soap,14,12-18-2018,120,1015
plastic wrap,19,12-18-2018,168,1015
paper towel,2,12-18-2018,168,1015
light bulbs,5,12-18-2018,128,1015
box cutters,6,12-18-2018,320,1015
pens,8,12-18-2018,448,1015
soap,14,12-18-2018,120,1015
plastic wrap,19,12-18-2018,168,1015
cleaner,3,12-19-2018,32,1016
cleaner,3,12-19-2018,32,1016
office chair,7,12-19-2018,16,1016
wrenches,15,12-19-2018,16,1016
plastic bags,4,12-20-2018,986,1017
blank badges,10,12-20-2018,910,1017
meat trays,12,12-20-2018,2839,1017
photo paper,18,12-20-2018,6367,1017
toilet paper,1,12-20-2018,150,1017
printer paper,9,12-20-2018,59,1017
toilet paper,1,12-21-2018,153,1018
plastic bags,4,12-21-2018,967,1018
blank badges,10,12-21-2018,892,1018
meat trays,12,12-21-2018,2784,1018
produce bags,13,12-21-2018,209,1018
photo paper,18,12-21-2018,6242,1018
box cutters,6,12-22-2018,360,1019
pens,8,12-22-2018,504,1019
wrenches,15,12-22-2018,18,1019
water bottles,16,12-22-2018,864,1019
keyboards,17,12-22-2018,45,1019
box cutters,6,12-22-2018,347,1019
scanner batt,11,12-22-2018,78,1019
water bottles,16,12-22-2018,832,1019
keyboards,17,12-22-2018,44,1019
paper towel,2,12-23-2018,184,1020
light bulbs,5,12-23-2018,140,1020
office chair,7,12-23-2018,18,1020
printer paper,9,12-23-2018,62,1020
scanner batt,11,12-23-2018,79,1020
produce bags,13,12-23-2018,219,1020
soap,14,12-23-2018,132,1020
plastic wrap,19,12-23-2018,184,1020
paper towel,2,12-23-2018,189,1020
cleaner,3,12-23-2018,36,1020
light bulbs,5,12-23-2018,144,1020
office chair,7,12-23-2018,18,1020
pens,8,12-23-2018,504,1020
soap,14,12-23-2018,135,1020
wrenches,15,12-23-2018,18,1020
plastic wrap,19,12-23-2018,189,1020
cleaner,3,12-24-2018,37,1021
photo paper,18,12-24-2018,6929,1021
toilet paper,1,12-24-2018,168,1021
printer paper,9,12-24-2018,66,1021
photo paper,18,12-24-2018,6991,1021
toilet paper,1,12-25-2018,167,1022
plastic bags,4,12-25-2018,1073,1022
blank badges,10,12-25-2018,990,1022
meat trays,12,12-25-2018,3090,1022
plastic bags,4,12-25-2018,1083,1022
blank badges,10,12-25-2018,999,1022
meat trays,12,12-25-2018,3118,1022
produce bags,13,12-25-2018,234,1022
box cutters,6,12-26-2018,360,1023
scanner batt,11,12-26-2018,81,1023
water bottles,16,12-26-2018,864,1023
keyboards,17,12-26-2018,45,1023
box cutters,6,12-27-2018,370,1024
pens,8,12-27-2018,518,1024
wrenches,15,12-27-2018,19,1024
water bottles,16,12-27-2018,888,1024
keyboards,17,12-27-2018,47,1024
paper towel,2,12-27-2018,196,1024
cleaner,3,12-27-2018,38,1024
light bulbs,5,12-27-2018,150,1024
pens,8,12-27-2018,523,1024
soap,14,12-27-2018,140,1024
plastic wrap,19,12-27-2018,196,1024
paper towel,2,12-28-2018,195,1025
light bulbs,5,12-28-2018,148,1025
office chair,7,12-28-2018,19,1025
printer paper,9,12-28-2018,65,1025
scanner batt,11,12-28-2018,84,1025
produce bags,13,12-28-2018,232,1025
soap,14,12-28-2018,139,1025
plastic wrap,19,12-28-2018,195,1025
office chair,7,12-28-2018,19,1025
wrenches,15,12-28-2018,19,1025
photo paper,18,12-30-2018,6929,1026
printer paper,9,12-30-2018,66,1026
